##L
University Gardens Child Center|-634,-592,8
Denney Research Center|-529,-92,15
Kaprielian Hall|-517,-192,30
Temporary Research Facility|-502,-493,8
Andrus Gerontology Center|-485,40,18
Ginsburg Hall|-468,-135,14
Irani Hall|-445,-174,22
Tutor Hall|-416,54,29
Michelson Hall|-400,-121,17
Salvatori Computer Science|-380,125,17
Parkside Arts & Humanities|-379,205,18
Olin Hall|-378,-9,18
Bloom Football Center|-364,-207,13
Seaver Science Center|-358,86,22
Seeley G. Mudd|-331,-92,32
Science & Engineering Library|-319,111,16
Engemann Student Health Center|-309,-515,27
La Sorbonne|-284,-614,11
Lyon Center|-277,-410,16
USC Iovine and Young Hall|-277,222,12
Vivian Hall|-267,57,34
Watt Hall|-266,178,18
King Hall|-247,-456,45
Grace Ford Salvatori Hall|-242,-78,17
Loker Hydrocarbon Institute|-230,94,21
John McKay Center|-223,-280,15
Webb Tower|-216,-444,45
School of Cinematic Arts|-206,-363,20
Harris Hall|-199,198,16
McClintock Building|-196,-483,45
Rapp Engineering Building|-196,65,8
School of Cinematic Arts|-162,-361,18
Wallis Annenberg Hall|-155,-29,24
Jefferson Building|-145,-441,9
Heritage Hall|-133,-213,14
Stonier Hall|-132,29,17
Mudd Hall of Philosophy|-125,212,39
USC Bookstores|-111,-5,14
Physical Education Building|-103,-87,18
Tutor Campus Center|-97,26,17
School of Cinematic Arts|-89,-319,29
Zumberge Hall|-87,143,19
Norris Dental Science Center|-70,-376,22
Annenberg School|-69,-154,19
Sample Hall|-68,73,10
Bing Theatre|-57,-198,17
Cale Residential College|-42,-497,19
Student Union|-36,54,16
Bridge Hall|-36,192,16
McCarthy Honors Residential Colle.|-28,-568,47
Leventhal School of Accounting|-15,158,16
Bovard Administration|-13,-42,39
Irani Residential College|-5,-468,19
Norris Cinema Theatre|14,-165,12
Hoffman Hall|14,204,22
Kaufman Dance Center|19,-344,16
Hancock Foundation Building|32,101,30
Hancock Memorial Museum|53,133,12
University Religious Center|54,-300,10
McMorrow Residential College|68,-433,19
Cowlings Residential College|70,-568,19
Illium Residential College|74,-630,19
Taper Hall|85,-189,21
Town and Gown|92,158,12
Bohnett Residential College|93,-478,19
Musick Law Building|104,224,17
Hubbard Hall|112,123,13
Nemirovsky Residential College|114,-437,19
Dr. Joseph Medicine Crow Center (DMC)|130,-62,38
Waite Phillips Hall|146,-153,46
Doheny Memorial Library|150,42,30
Dauterive Hall|159,192,16
Fire Station 15|172,-708,10
Lewis Hall|179,160,16
Hebrew Union College|210,-564,13
Leavey Library|224,-131,25
Popovich Hall|226,200,24
Widney Alumni House|239,112,16
Pardee Tower|247,58,33
Fertitta Hall|256,222,22
Tuscany|284,412,14
Birnkrant Residential College|294,-93,18
Marks Tower|306,97,40
Troy Hall|323,-582,24
Shrine Auditorum|366,-366,35
North Residential College|378,-53,18
USC Hotel|388,154,30
Habitat Soozee|426,-450,10
Child Care Annex|428,-958,7
Davidson Conference Center|443,-117,12
University Gardens Building|472,86,13
University Gateway|492,-255,23
Galen Center|509,-19,30
The Bungalows|538,-513,7
Zemeckis Center|564,-378,12
Annenberg House|574,-910,11
Research Annex|582,459,13
USC Maintenance Yard|638,205,9
Graduate Fine Arts Building|735,-401,9
3434 S. Grand Building|851,162,28
St Vincent's School|872,-1095,10
Facilities Planning|889,112,10
##C
r16|Student Union||-9,35 -17,33 -6,-4 -3,5 -8,-4 3,-5 -18,-10 16,-32
b10.0|Steven and Kathryn Sample Hall||-80,60 7,-12 17,9 -1,2 22,12 -15,29 -23,-12 2,-5 -8,1 -7,-5 -1,-7
b17|Tutor Campus Center||-84,-10 3,2 4,-6 18,9 -8,15 -4,-3 -30,64 -18,-10 1,-4 -2,-1 1,-2 -2,-1 10,-16 1,0 2,-4 3,1 18,-33 -2,-1
t14|USC Bookstores||-85,-17 -12,22 -4,6 -2,-1 -5,9 -21,-12 4,-7 -2,-1 3,-8 10,-18 3,-1 1,-2
t17|Stonier Hall||-138,12 9,5 -6,12 3,1 1,1 7,-12 -2,-1 -1,3 -2,-1 3,-7 4,2 -1,2 10,6 -18,32 -10,-5 4,-7 -4,-2 -4,7 -9,-5
t12.0|Hall Building||-175,37 20,-38 14,7 -12,26 -1,-1 -7,13
b24|Wallis Annenberg Hall||-160,-11 -8,13 -16,-8 15,-27 -2,-1 5,-7 1,0 5,-8 8,4 1,-1 21,12 1,-1 8,5 -17,32
f26.0|Hedco Neurosciences Building||-230,-34 17,8 6,-1 1,7 -4,2 -10,17 1,6 -6,1 -2,-5 -17,-9 -5,2 -3,-7 6,-2 8,-16 0,-7 6,-1
f17|Grace Ford Salvatori Hall||-280,-104 4,-8 81,43 -4,8 6,4 -4,8 -6,-3 -5,8 -81,-43 4,-8 -6,-4 5,-8
f32|Seeley G. Mudd Building||-335,-139 3,-5 45,24 -6,10 -3,-1 -2,4 3,2 -6,10 2,1 -5,9 -2,-1 -1,3 -13,-7 -8,13 -4,-2 -1,1 -2,-1 -2,3 19,11 -3,6 -3,-1 -2,6 2,1 -4,6 -17,-9 1,-4 -7,-3 -2,3 -20,-11 10,-18 11,6 1,-6 -3,-2 1,-3 -4,-2 6,-13 4,2 4,-7 5,2 2,-1 -10,-5 6,-10 2,1 3,-5 -2,-2
b17|Michelson Hall||-378,-104 -15,19 -34,-19 2,-6 -5,-3 36,-64 43,22
b22.0|Irani Hall||-430,-158 -2,2 -8,-4 -2,4 -24,-12 -6,10 -15,-8 6,-11 -2,-1 1,-5 14,-21 13,7 4,-7 36,19 -3,6 6,3 2,-3 8,4 -13,23
b30|Kaprielian Hall||-538,-173 0,-62 6,0 0,-6 17,0 9,12 4,0 0,9 2,0 0,45 -2,0 0,2 -3,1 -5,7 -3,-1 1,4 -4,1 -13,0 0,-6 -3,0 0,-6
b15|Denney Research Center||-531,-130 0,3 5,-1 0,7 -2,0 0,1 3,0 0,12 12,0 0,5 3,0 0,22 -3,0 0,5 -12,0 0,11 -3,0 0,2 2,0 0,6 -4,-1 -1,4 -14,0 -1,-34 4,0 0,-1 -2,0 0,-7 2,-1 -4,0 1,-33
f9|Scene Dock Theatre||-535,-21 8,5 -14,27 -9,-5
f9.0|Technical Theatre Laboratory||-540,21 20,-35 4,2 -1,1 12,7 -18,34
b18|Andrus Gerontology Center||-522,58 31,-58 43,22 -31,58
f19.0|Parkside Apartments||-533,89 1,-3 36,19 -1,3 2,1 -3,6 2,2 -20,38 7,4 -3,6 -2,-2 -10,18 14,7 4,-2 4,1 2,3 0,3 17,10 3,-6 11,6 -1,3 3,2 -9,17 -3,-1 -2,2 -27,-15 -6,10 -9,3 -6,-2 -7,-7 0,-10 5,-6 -14,-8 2,-2 -3,-2 3,-6 -2,-2 13,-24 -7,-4 3,-6 3,1 16,-30 -24,-13 1,-2 -5,-4 6,-10
f20.0|Parkside Apartments||-469,119 3,2 3,-5 2,0 0,2 -2,4 8,4 0,1 -1,0 -6,11 6,3 3,-6 42,22 -4,7 5,2 0,2 -6,-2 -2,4 -41,-22 2,-5 -6,-3 -18,34 -8,-3 -1,4 -2,0 -1,-2 2,-4 -4,-2 19,-35 -3,-2 2,-5 4,2
v18.0|Arts and Humanities Residential College at Parkside||-470,181 3,-1 14,7 2,0 2,-3 54,29 1,-2 9,5 -1,2 4,2 3,-5 -3,-2 5,-9 3,1 1,-3 -2,-2 5,-9 3,1 1,-3 -3,-1 6,-10 3,1 1,-3 9,5 1,-3 10,5 -1,3 3,2 1,-4 10,6 -1,3 5,3 -5,9 -3,-2 -8,17 -7,-4 3,-5 -5,-4 3,-7 -9,-4 -2,3 3,1 -5,11 -3,-2 -2,3 3,2 -5,10 -3,-2 -1,3 2,2 -5,9 -3,-1 -1,2 -12,-7 0,-1 -3,-2 -5,9 -10,-5 3,-5 -4,-2 -5,5 -49,-26 2,-3 -4,-3 -2,3 -14,-7
f26.0|Hughes Aircraft Electrical Engineering Center||-449,85 -6,-3 4,-4 5,4 2,-1 13,6 1,-4 1,0 9,5 -2,4 13,7 0,3 7,2 -3,4 -5,-2 -3,7 -2,0 -3,3 -34,-18 -1,-6
f18|Olin Hall||-410,11 -1,-1 18,-33 20,9 4,-7 -21,-11 11,-20 21,10 -1,2 4,2 1,-2 3,1 -1,2 7,5 -18,34 -8,-4 -5,9 10,5 -11,21 -21,-11 2,-4 -4,-2 -3,6 -2,-1 2,-6
b29|Tutor Hall||-438,59 3,0 2,-3 -4,-5 1,-3 8,-12 1,1 2,-2 -3,-1 3,-6 26,14 -1,1 20,11 -2,4 3,2 -8,15 -2,-1 -6,10 -43,-23 -2,5 -1,-2
f17|Salvatori Computer Science Center||-393,110 7,-12 36,19 -6,12 2,1 -2,5 1,0 -8,12 -6,-5 -2,3 -28,-14 2,-4 -1,0 -1,1 -6,-3 5,-13 1,0 3,-4
t27.0|Powell Hall||-337,154 8,-16 28,15 -2,5 -2,0 2,2 -4,8 -3,-2 -2,6 -2,1 -17,-9 3,-6
f22|Seaver Science Center||-337,102 -4,-1 0,1 1,1 -1,4 -6,-3 1,-3 -2,-1 -1,4 -27,-15 1,-3 -1,0 -2,2 -5,-3 2,-4 1,1 1,-1 -3,-2 5,-9 3,1 1,-1 -2,-1 2,-3 5,3 0,1 1,1 1,-2 28,14 -2,2 2,1 1,-1 6,3 -2,3 -3,0 4,2
f17.0|Neely Petroleum Engineering||-330,38 36,18 5,4 -6,9 -5,-3 -2,5 -33,-17 -2,-3
f16.0|Biegler Hall||-305,-8 2,-4 38,20 -2,3 3,2 -4,7 -3,-1 -2,3 -38,-20 1,-4 -1,-1 3,-7
f34|Vivian Hall||-260,31 -6,-4 9,-18 26,14 -9,18 -8,-5 1,2 -14,27 -2,-1 -2,3 9,5 -10,17 -5,-3 -4,7 -21,-12 3,-5 2,1 -2,-2 10,-18 7,4 2,-3 -2,-1 15,-26
b12.0|USC Iovine and Young Hall||-287,222 -14,-8 11,-19 46,25 -10,19 -33,0
f18|Watt Hall||-288,189 3,-5 -3,-2 4,-8 5,2 -3,5 15,8 1,-3 -1,-1 3,-7 -9,-5 24,-46 38,20 -24,46 -23,-12 -10,19
f26.0|Ahmanson Center||-172,112 15,8 -3,5 9,5 8,-17 1,1 -2,5 11,5 -8,15 10,5 -8,15 -16,-8 9,-15 -15,-8 -4,7 -15,-8
f21.0|Loker Hydrocarbon Research Institute||-244,104 4,-6 -3,-1 3,-6 3,2 1,-3 -3,-2 1,-3 4,2 2,-5 -2,-1 4,-8 11,7 -1,2 22,12 -17,32 -8,-5 3,-5
t17|Stabler Hall||-125,80 -6,11 -42,-23 6,-10
f8.0|Rapp Engineering Building||-168,60 -16,29 -39,-19 16,-30
f12.0|Electron Microscopy and Microanalysis Center||-99,111 -1,2 2,1 -14,30 -17,-9 14,-25 -2,0 4,-7
t19|Zumberge Hall||-86,101 33,17 -35,68 -33,-18
t16|Harris Hall||-217,201 5,-9 -2,-1 13,-24 3,1 6,-11 25,13 -1,2 29,15 -25,48 -9,-5 -6,-1 -7,-6 -29,-14 -3,5 -16,-8 0,-1 -2,-1 5,-9
r17|Mudd Hall|22,k,7.0|-158,235 19,-34 -2,-1 8,-15 14,6 -1,1 19,10 0,8 -5,0 -1,3 -2,-1 -16,30 -20,-11 -4,9
f14|Tuscany||258,464 1,-95 5,0 9,-15 55,31 -28,43 -8,-5 -3,5 7,5 -19,32
f9.0|Tyler Building||343,263 2,-4 46,-2 10,6 2,6 -11,20
f23.0|USC Credit Union-Flower Street||392,379 1,-4 -14,-9 23,-35 4,-2 4,1 2,6 4,2 -10,41 -4,3
b17|Musick Law Building||49,214 20,-39 77,41 -12,22 -10,-6 -3,6 -11,-6 -3,5 -17,-8 -3,5
f22|Hoffman Hall||-3,219 20,-38 15,9 -20,37
t16|Bridge Hall||-55,194 9,-18 2,1 4,-7 10,5 -3,5 6,4 -1,2 7,3 1,-2 8,4 -11,22 -8,-4 1,-3 -11,-5 -1,2 -3,-1 -2,5 -10,-5 4,-7
t16.0|Leventhal School of Accounting||-23,134 32,17 -16,31 -33,-17
t18|Physical Education Building||-140,-67 14,-27 -1,0 7,-14 1,1 14,-27 54,28 -24,48 -1,-1 -11,20
f13|Research Annex/Hoffman Contracts Research Building||555,486 10,-22 1,0 9,-17 3,0 5,-11 5,3 -6,11 3,-4 9,5 -2,5 22,12 -20,39
b14|Heritage Hall||-155,-214 22,-39 3,0 25,13 3,3 0,5 -30,54 -3,2 -3,0 -26,-15 -1,-4
f5.0|McAlister Academic Resource Center||-183,-196 -1,-2 3,-6 2,0 10,5 -2,8 -2,1
f7.0|Little Galen||-170,-251 9,-18 10,4 0,-1 23,10 -1,3 -2,0 -10,-6 -9,18
f19.0|Annenberg School for Communication and Journalism||-114,-156 5,-10 -1,0 14,-23 9,5 1,-1 5,2 -1,2 10,5 2,-3 22,11 -2,5 6,3 -1,2 3,2 -1,2 24,13 -12,22 -19,-10 -1,3 -5,-3 2,-2 -4,-2 -3,5 -6,-3 2,-6 -21,-11 -3,6 -10,-6 -1,1
f12.0|Norris Cinema Theatre||-12,-164 12,-24 41,22 -12,23
t21|Taper Hall||49,-154 39,-73 -1,-1 1,-3 16,9 4,-8 15,8 -12,24 -15,-8 -22,42 16,8 -19,36 -25,-13 9,-18
r17|Bing Theatre||-84,-201 14,-27 17,7 2,2 0,5 11,3 6,6 -2,10 -5,9 -2,-1 -4,4 -8,-2 -3,4 -3,-6 0,-3 -2,-2 -4,3 -4,-1 -6,-3 1,-4
b15|John McKay Center||-239,-309 32,17 -2,5 8,5 3,-5 24,13 -13,25 -24,-13 -1,3 -9,-5 1,-2 -10,-5 -1,2 -6,-3 1,-3 -16,-9 4,-7 -3,-1 5,-11 3,1
b20.0|School of Cinematic Arts||-232,-335 8,-15 1,1 9,-17 -1,-1 7,-13 1,0 7,-11 2,1 3,-3 11,6 0,1 2,2 4,3 -31,62 -7,-4 -1,-1 1,-3
b17.0|School of Cinematic Arts||-180,-301 21,-39 20,11 -19,40
b14.0|School of Cinematic Arts||-147,-298 4,-8 32,18 -1,2 1,1 -9,16 -27,-14 6,-12
b18.0|School of Cinematic Arts||-116,-267 8,-16 1,0 2,-2 31,16 -10,19
b17|Hancock Foundation Building|13,f,8.0|25,109 -6,11 -13,-6 22,-42 13,7 -6,11 23,12 -10,20
r17|Newman Recital Hall||61,99 10,-21 17,11 -14,26 -17,-10 2,-7
r12|Hancock Memorial Museum||46,121 2,1 9,-17 13,7 -7,14 8,4 -13,22 -6,-3 3,-5 -7,-1 -2,-4 -3,5 -7,-4
t13|The Music Complex||-68,-243 9,-17 30,16 -2,3 14,7 -8,14 -13,-8 -3,0 0,1 -9,-5 0,-1
f8.0|John Williams Scoring Stage||-28,-246 2,-6 5,-1 11,5 1,5 -3,5 -4,2 -11,-6
f12.0|Carson Soundstage||-38,-263 10,-19 7,4 -1,2 19,10 -8,14 -18,-9 -1,1
f12.0|Schoenfeld Symphonic Hall||-17,-273 3,-5 -6,-3 7,-17 21,11 -11,21
t13|Raubenheimer Music Faculty Building||3,-261 11,-19 11,6 2,-2 1,1 0,2 23,12 -8,19 -2,0 -15,-9 -2,2 -2,-3
b15.0|Ramo Hall||11,-236 2,-3 2,0 7,4 1,2 2,-2 4,3 0,4 -3,3 -1,3 -2,0 1,2 -1,2 -2,1 -4,-2 -1,-2 -9,-3 1,-4 -4,-2 2,-4 -1,-1 1,-3
b10.0|Booth Hall||48,-207 5,-3 -1,-30 -2,-1 5,-3 0,-2 10,-7 11,6 0,12 -17,9 2,19 -13,9 -12,-7 -2,-9 7,-4 2,8
t12|Social Sciences Building||146,-125 22,11 -12,23 -21,-12
f22|Dr. Joseph Medicine Crow Center for International and Public Affairs|16,G,9.0|105,-107 75,40 -26,49 -75,-40
b46|Waite Phillips Hall||131,-148 10,-20 20,10 -10,20
t11|College Academic Services Building||144,-184 12,-24 2,-1 6,3 3,25 -2,3 2,1 -2,3 -2,-1 0,1 -8,-3 -7,-5 -1,2 -4,-2
f25|Leavey Library||196,-138 11,-21 23,12 3,-4 2,0 3,3 -1,5 36,19 -13,23 -30,-16 1,-2 -6,-3 -3,5 -6,-3 3,-5 -6,-4 -7,13 -14,-7 7,-13
f8.0|Amy King Dundon-Berchtold University Club of USC||199,-208 -4,-26 5,0 0,-2 12,-2 0,2 7,-1 3,26 -7,1 0,1
t23|Doheny Memorial Library|7,f,17.0|141,22 -11,-6 5,-9 63,33 -5,9 5,3 -20,37 -68,-35 5,-10 11,6 4,-9
t13|Hubbard Hall||102,133 -10,-6 12,-22 5,3 1,-1 26,15 -12,22 -10,-5 6,-13 -11,-6
r12|Town and Gown||84,144 3,-6 5,2 -3,5 39,23 -8,15 -32,-17 -1,1 -8,-4 0,-2 -3,-2
b16|Verna and Peter Dauterive Hall||151,211 1,-3 -15,-9 2,-2 -16,-9 16,-29 21,11 1,-3 17,9 -4,6 7,4 -9,16 -2,-1 -2,4 2,1 -6,11
b16|Lewis Hall||165,214 25,-44 -13,-7 0,-1 -37,-20 8,-17 9,4 2,-3 13,4 9,7 -2,4 20,11 3,-6 9,5 -3,5 -5,-2 -30,58 4,2 -3,5
b24|Popovich Hall||197,225 30,-57 -4,-3 3,-6 9,5 -3,5 9,5 1,-2 6,2 1,-2 13,7 -10,20 -13,-7 -2,2 1,5 -1,8 -6,13 -5,-3 -10,18 -2,-1 -2,2 -6,-1 -6,-5 -2,3 -8,-5 2,-5
f22|Fertitta Hall||268,180 26,14 -21,40 -3,-1 -2,3 -5,1 -4,-2 -30,4 -1,-7 4,0 -1,-8 23,-3 9,-16 -7,-4
b30|USC Hotel||403,90 31,16 -18,35 -10,-4 -4,8 7,3 -28,50 -5,-3 -1,2 -6,-3 1,-2 -9,-5 15,-27 -3,-2 2,-4 -3,-2 10,-18 14,8 4,-8 -15,-9
t11|Figueroa Building||344,63 17,9 -10,17 -16,-9
g11|Widney Alumni House|4.5,p,3.0|217,95 2,-3 34,17 -2,4 -7,-3 -1,2 4,2 0,1 -3,6 2,0 -6,9 -15,-8 7,-14 2,1 2,-4
b33|Pardee Tower||233,53 4,-7 3,0 37,21 -6,12 -38,-20 3,-4
b40|Marks Tower||294,86 1,-2 30,16 2,3 -4,8 -2,-1 -1,1 -31,-16 1,-1 -2,-2 4,-7
v18|North Residential College||313,-102 7,-12 35,18 0,1 29,15 6,3 -1,2 4,2 1,-1 35,18 -3,6 1,4 -3,6 1,1 -13,25 -7,-4 13,-24 -18,-10 1,-2 -12,-7 -1,2 -15,27 34,17 1,2 -8,11 -38,-21 -1,2 -7,-4 1,-1 -65,-33 7,-12 12,6 16,-30
b15.0|Social Work Center||265,-217 5,-10 29,15 10,2 5,5 -10,18 -5,-1 -8,-6 4,-8
b16.0|Montgomery Ross Fisher Building||263,-212 18,10 0,1 5,3 -9,20 -2,-1 -3,6 -5,-3 0,2 -18,-10 0,-1 -5,-3 3,-6 -1,-1 7,-12 1,0 4,-6 1,1 7,-12 2,1
f12|Charlotte S. and Davre J. Davidson Continuing Education Conference Center||414,-99 27,-51 9,5 2,-3 12,6 -2,2 10,6 -28,51 -9,-5 -2,3 -11,-6 1,-3
g9|Joint Educational Project House||123,-252 10,-18 7,4 1,3 -2,4 2,1 -7,13
g9|Ahn House||112,-259 8,-13 8,6 -7,12
b22.0|Dick Wolf Drama Center||82,-268 15,-34 2,0 19,10 -3,6 3,1 -8,14 -5,-3 -7,15
g9|College House||69,-279 8,-14 7,4 -2,4 5,2 -6,10
r10.5|University Religious Center||38,-292 5,-9 -7,-4 13,-23 32,17 -12,23 -7,-3 -5,9
b16.0|Glorya Kaufman International Dance Center||-6,-319 -10,-5 15,-28 10,4 5,-11 7,3 9,-17 3,2 2,-3 17,9 -1,3 2,2 -29,57 -18,-9 -2,3 -12,-7
b29.0|School of Cinematic Arts||-139,-310 5,-15 13,-23 3,-3 19,9 -2,4 5,3 0,1 15,8 10,4 2,-3 2,0 16,9 -6,17 -12,21 -2,0 -2,3
b18.0|School of Cinematic Arts||-167,-350 2,-3 -13,-6 2,-3 -3,-1 2,-3 -2,-1 3,-6 2,1 2,-4 2,1 2,-2 13,6 0,-1 31,17 -9,19 -3,-1 -1,2
b22|Norris Dental Science Center||-142,-387 4,-7 -4,-2 7,-13 4,1 5,-9 26,13 2,-4 13,8 -2,3 46,24 0,-1 5,3 -2,2 3,-2 0,4 1,-3 1,1 -1,2 2,1 1,-2 5,3 0,1 -2,2 2,2 -13,25 -17,-9 -1,2 -41,-22 -1,2 -14,-8 1,-2
b9.0|Jefferson Building||-128,-429 -2,2 -6,-3 1,-3 -3,-1 3,-7 4,3 6,-12 -23,-12 -9,17 1,0 -1,2 11,4 -3,1 4,2 -3,6 -3,-2 -2,4 -22,-12 5,-9 2,1 15,-29 43,23 -15,27
f35.0|Shrine Auditorum||307,-280 -3,-2 6,-12 2,1 20,-38 -1,-1 5,-10 3,2 14,-25 -4,-2 2,-3 -2,-2 6,-10 1,0 15,-27 -2,0 5,-10 2,1 2,-4 2,-1 22,14 1,-1 8,4 -2,5 3,2 1,-2 3,1 1,-1 36,19 -79,152 -73,-39
f23|University Gateway||421,-217 -1,-1 75,-139 5,3 2,-4 63,34 -4,6 8,4 -73,133 -6,-3 -3,5 -4,-2 -2,5 -64,-34
v19|McMorrow Residential College||35,-415 18,-33 9,-16 2,0 6,4 29,62 -8,14
v19|Irani Residential College||-40,-454 28,-50 42,23 -28,48
v19|Cale Residential College||-40,-454 -9,-4 1,-2 -29,-14 20,-37 -1,0 7,-14 10,4 6,4 0,1 14,9 1,-2 8,5
v19|Nemirovsky Residential College||103,-455 0,-2 16,-2 1,6 7,0 4,43 -6,11 -14,-2 -22,-48
v19|Bohnett Residential College||89,-449 -14,-27 -2,-6 2,-3 -1,-1 18,-30 26,1 7,55 -22,4 1,1
b12.0|Zemeckis Center for Digital Arts||517,-377 19,-35 16,9 -2,3 50,26 -10,19 -3,-2 -7,15
b27.0|Engemann Student Health Center||-290,-526 0,2 5,0 0,10 -6,0 1,5 -24,0 -9,18 -37,-19 0,-15
b45.0|King Hall||-256,-456 16,-31 23,11 -19,36 -10,3 -11,-6 -5,-8 2,-4
b45.0|McClintock Building and Theatre||-222,-514 16,8 1,-2 33,18 -6,10 2,2 -1,3 -1,2 -2,-2 -6,11 -15,-8 -2,3 -7,-4 1,-3 -27,-14
b45|Webb Tower||-233,-447 4,-7 5,2 9,-16 20,10 -10,21 3,1 -3,6 -3,-2 -3,4 -20,-11 3,-5
b16|Lyon Center||-326,-413 -2,-1 1,-3 -3,-1 22,-40 2,-1 75,39 2,5 -3,2 -7,12 3,7 -7,12 -8,3 -13,-6 -2,0 -57,-30
f12.0|Century Apartments||-344,-655 -6,-7 28,-30 5,4 2,-1 9,8 -2,2 1,2 -13,12 0,1 -15,17 -3,5 10,29 -1,1 3,14 -4,1 1,3 2,0 1,2 -15,4 -4,-19 -1,0 -7,-21 -1,-10 6,-1 -1,-7 -8,-3 -1,8 -11,-2 -28,-8 1,-4 -3,-1 2,-11 3,1 1,-2 9,2 0,-1 30,8 -1,7 6,2
f11|La Sorbonne||-308,-603 -1,-30 41,-1 0,28 -6,0 0,2
b9.0|Cardinal Gardens||-223,-658 0,-12 46,0 0,12 -4,0 0,1 -14,0 -1,-1 -7,0 0,1 -15,0 0,-1
b10.0|Cardinal Gardens||-225,-649 12,0 0,4 4,0 0,12 -2,0 -1,3 0,7 3,0 -1,15 -3,0 0,4 3,0 0,3 3,0 0,16 -3,0 0,4 -12,-1 -1,-4 0,-6 1,1 0,-3 -2,0 2,-10 -3,0 0,-4 -1,0 0,-6 2,0 0,-2 -2,0 1,-14 -1,0 0,-7 2,0 0,-2 -2,0
b9.0|Cardinal Gardens||-231,-597 -1,26 -13,0 0,-3 -2,0 0,-3 -1,0 0,-20
b9.0|Cardinal Gardens||-195,-645 0,-4 13,0 -2,18 1,4 3,1 0,3 -2,0 0,7 2,12 -12,0 0,-4 -3,0 -1,-15 4,0 0,-4 -3,0 0,-3 -3,0 0,-15
b9|Cardinal Gardens||-154,-575 16,10 -11,15 -12,-8 8,-9 -5,-3
b8.0|Cardinal Gardens||-231,-561 4,-11 4,1 14,6 -1,1 3,1 2,-2 3,0 38,17 -5,13 -3,-2 -1,3 -15,-7 1,-2 -6,-3 -1,2 -13,-6 0,-2 -3,-2 -1,2 -3,-1 -2,2 -14,-6 2,-3
b9.0|Cardinal Gardens||-198,-584 0,-12 23,-1 0,-2 4,-1 14,0 0,2 5,0 -1,11 -4,0 0,4 -15,-1 0,-3 -3,0 0,3 -4,0 0,3 -15,0 -1,-3
b9.0|Cardinal Gardens||-144,-674 12,1 0,4 2,0 -2,15 -1,0 -1,3 3,0 -1,4 3,0 -1,16 -4,0 0,3 -2,0 0,3 3,1 -2,14 -3,0 -1,4 -11,-1 0,-4 -1,0 0,-7 2,1 1,-3 -2,0 0,-6 1,0 1,-4 2,0 1,-10 1,1 0,-3 -1,0 1,-10 -2,0 0,-9 2,0 0,-3 -2,0
b9.0|Cardinal Gardens||-104,-641 1,1 2,-3 11,8 -2,2 3,1 -10,14 -3,-2 -2,3 2,1 -3,3 3,2 -9,12 -2,-2 -4,6 2,2 -9,11 -2,-1 -2,3 -11,-7 2,-4 25,-32 -2,-2 2,-2 -1,-1
b9.0|Cardinal Gardens||-118,-667 4,-1 6,1 0,1 2,0 0,-1 20,2 0,1 3,1 0,-2 10,1 -2,13 -3,0 -1,3 -14,-2 0,-3 -7,-1 -1,4 -15,-2 0,-3 -3,-1 0,-7 1,0
v22|McCarthy Honors Residential College|25,s,8.5|-58,-599 8,-13 54,30 17,0 0,31 -3,6 2,1 -4,7 -2,-1 -12,23 -81,-45 7,-13 -9,-5 3,-6 -2,-1 13,-19
v19|Cowlings Residential College||35,-560 0,-49 79,0 0,49 -42,0 0,17 -14,0 1,-17
v19|Illium Residential College||35,-609 0,-43 78,0 1,43
f12|Terrace Apartments||-259,-907 0,17 24,-1 0,18 -55,0 -1,-33
f12|Helena Apartments||-179,-919 -1,-33 34,0 0,24 -21,1 0,-8 10,0 0,-9 -12,0 2,25
f12|University Regent Apartments||-164,-1087 0,-32 20,-1 0,32
f12|Bel-Air Apartments||51,-835 0,-13 19,0 1,34 -20,1 0,-12 9,-2 1,-14 -3,0 0,7
f12|Regent Apartments||27,-817 0,-25 8,0 0,15 6,0 -1,-21 9,0 -1,31
f12|Sunset Apartments||12,-848 9,-1 0,24 4,0 0,7 -13,0
g10|USC Community House||92,-956 21,0 0,8 -1,5 -20,-1
f12|Senator Apartments||85,-979 0,-15 30,0 0,12 -7,0 0,-3 -16,1 0,5
f12|Senator Apartments||84,-998 0,-15 8,0 0,6 16,0 0,-3 7,0 0,12
f12|Senator Apartments||85,-1014 0,-15 30,0 0,11 -7,0 0,-2 -17,0 0,6
f12|Troyland Apartments||233,-1275 10,6 -2,4 9,4 -30,57 -19,-11
f12|Centennial Apartments||268,-1178 -3,-1 4,-7 3,1 2,-3 -4,-1 7,-13 4,2 1,-3 -3,-2 4,-9 4,2 1,-3 -3,-1 4,-8 30,17 -23,44 -28,-13
f9|ONE Archives||337,-1151 7,-14 3,2 4,-8 14,7 -2,3 8,4 -8,13 -2,-1 -4,7 -14,-7 1,-2
f12|Founders Apartments||275,-1059 3,-6 3,2 2,-3 -2,-1 7,-13 2,1 1,-3 -2,-1 5,-5 -2,-1 7,-13 2,1 1,-3 -2,-2 3,-6 3,1 0,-1 14,7 -1,1 2,2 10,4 -2,2 1,1 -6,13 -2,-1 -3,5 1,1 -6,13 -2,-1 -3,6 2,1 -6,13 -2,-1 -2,3 -5,-2 -19,-10 1,-2
f12|Regal Trojan Apartments||304,-1038 27,-52 1,1 3,-5 16,8 -3,5 8,3 -27,53 -11,-6 0,-1 -3,-2 -1,1
f12|Hillview Apartments||382,-1074 15,8 -13,22 2,2 -5,9 -4,0 -3,5 2,4 -8,15 -16,-9 4,-6 6,-7 -1,-1 11,-18 -1,-1
f12|Severance Street Apartments||381,-968 8,-14 26,13 -5,10 -15,-8 -3,5
g10|Severance Street House||342,-908 9,-18 27,16 -8,15
g10|Honors House||345,-903 15,8 -3,8 -15,-6
f12|Fairmont Apartments||197,-1082 45,25 -8,16 -16,-8 3,-6 -8,-4 -3,6 -23,-11
f12|Twin Palms Apartments||206,-1051 26,14 -7,14 -27,-14
f12|Mardette Apartments||181,-1019 1,1 5,-8 -2,-1 7,-11 32,17 -17,32 -33,-17
g10|Max Kade House||147,-1021 1,-2 -2,-1 3,-7 17,9 -5,9
f12|Manor Apartments||256,-1017 5,-10 46,25 -7,14 -10,-6 2,-4
f12|Sierra Apartments||241,-986 6,-17 6,-5 8,4 1,-2 3,2 -5,6 9,4 -1,2 6,3 1,-2 13,7 -1,2 3,1 3,-7 8,5 -1,2 1,1 -11,20 -7,-4 1,-2 -3,-2 -1,3 -13,-7 1,-3 -6,-3 -1,3
f12|Vista Apartments||299,-957 8,-16 14,8 -1,3 3,2 2,-3 12,7 -8,15
f12|Pacific Apartments||313,-977 1,-3 -1,-1 4,-5 -2,-1 3,-8 12,8 0,-1 7,4 0,1 2,1 1,-1 8,4 -4,5 1,1 -6,10 -13,-7 0,-2
g9|McCulloch Townhomes||223,-751 19,-35 30,16 -19,35
g9|McCulloch Townhomes||163,-839 -1,37 -11,0 0,-37
g10|McCulloch Townhomes||166,-829 4,-6 37,20 -6,9 -34,-18 2,-4
g10|McCulloch Townhomes||166,-799 8,-15 5,4 1,-1 7,4 -1,1 2,1 1,-1 3,2 -8,15 -3,-2 0,-1 -9,-4 0,-1
g10|McCulloch Townhomes||152,-791 3,-7 30,15 -5,11 -28,-15
g8.0|McCulloch Townhomes||184,-770 5,-9 3,2 0,-2 14,8 -5,10
g10|McCulloch Townhomes||191,-786 8,-15 5,5 1,-2 6,4 0,1 2,2 1,-2 3,2 -8,15 -3,-1 1,-2 -3,-1 -1,1 -8,-6 -1,1
g11|Sigma Alpha MU Fraternity||232,-827 13,-26 28,15 -13,25
g11|Sigma Chi Fraternity||249,-886 7,-14 25,13 -2,3 3,1 10,-17 14,7 -18,32 -13,-8 4,-8 -5,-2 -3,5 -5,-2 -1,2 -9,-5 1,-2
f7|Anna Bing Arnold Child Care Center||406,-858 8,-17 17,10 -9,16
f7.0|Regal Rita Apartments||426,-644 3,-7 6,3 6,-11 -7,-4 8,-14 16,8 -18,33
v24|Troy Hall||340,-650 1,1 1,-1 6,3 -1,2 4,2 1,-2 9,5 -1,2 5,2 0,-2 7,4 0,1 2,2 1,-2 8,4 -2,4 13,5 6,5 -6,9 2,1 -9,17 -2,-1 -51,100 -1,-1 -4,7 -14,-6 -5,-5 -4,3 -11,-8 -1,1 -10,-5 0,-4 -6,-4 -1,3 -6,-3 2,-3 -5,-3 0,-3 6,-12 3,-1 4,2 3,-6 2,1 4,-10 1,0 2,-3 -2,-1 7,-9 -2,0 3,-7 2,1 1,-2 -4,-2 5,-9 -3,-4 5,-9 2,-2 4,2 0,-2 -1,-1 5,-9 2,1 1,-4 -1,0 5,-9 1,0 1,-2 -4,-2 1,-2 -1,0 3,-6 1,1 4,-11 2,1 1,-2 3,2
f13|Hebrew Union College-Jewish Institute of Religion||167,-571 5,-9 -3,-1 4,-7 2,1 4,-6 37,20 2,-2 1,4 2,-3 1,2 -1,2 24,12 -1,4 4,2 -7,9 -3,-2 -4,9 -24,-12 -2,2 -1,-3 -2,1 -1,-3
f23.0|USC Caruso Catholic Center||157,-515 -2,-6 3,-5 7,1 2,-3 19,10 2,-3 4,2 -3,6 5,4 -5,9 -5,-2 -3,3 -23,-12 1,-3
f10|Hillel Jewish Center||176,-498 24,12 6,-9 16,8 -11,20 -40,-21
f7.0|Corsica||422,-478 5,-9 33,17 -5,10
f10|Habitat Soozee||417,-475 35,19 -16,31 -36,-19
f7.0|Cinematic Arts Station||457,-409 14,-27 -1,-1 2,-4 10,7 -9,17 4,2 -6,13
f7|The Bungalows||481,-463 43,23 -7,13 -43,-22
f9.0|Pisa||485,-467 9,-16 42,23 -9,16
f9.0|Roma||496,-487 9,-17 42,22 -9,17
f7|The Bungalows||530,-558 49,26 -25,45 -24,-12 -1,3 -23,-11
f12|Seven Gables Apartments||610,-516 13,8 -7,14 -7,7 10,0 33,19 -8,14 -53,-28
f9|Graduate Fine Arts Building||705,-397 11,-22 19,9 15,-28 21,11 2,-2 5,3 -42,80 -6,-3 22,-42 -27,-14 -11,18 -11,-5 3,-5
f10|American Button Manufacturing Building||807,-542 5,-9 -6,-3 9,-15 5,3 4,-7 10,5 -1,2 4,2 1,-1 10,5 -4,6 -13,-7 -7,12 15,8 -5,10 -7,1
f9|CAM-USC Viterbi||858,-622 15,-27 19,11 -15,26
f12|Stardust Apartments||666,-738 18,-33 13,7 0,1 5,3 -3,7 -6,-3 1,-2 -2,-2 -11,20 3,2 4,-7 5,2 -8,16
g10|Kerckhoff Carriage House||525,-885 5,-10 15,7 -8,13 -6,-3 1,-3
f9|Egg Company||495,-970 3,-6 -2,-1 4,-6 1,0 9,-17 21,11 -17,30
f17|Kerckhoff Hall||520,-942 6,-12 8,4 -1,3 5,3 3,-5 6,4 -2,4 7,4 -4,9 -3,-1 -8,15 -6,-3 1,-3 -3,-2 3,-8 -10,-5 3,-5
f10|St Vincent's School||858,-1111 8,-16 38,19 -7,13 -11,-6 -27,49 -16,-8 24,-46
f10|St. Vincent's School||907,-1089 7,-13 7,4 -6,13
f10|St. Vincent's School||925,-1081 6,-14 20,10 -6,11 -1,-1 -1,4 -2,-2 -3,4 -3,-2 3,-5
f5.0|USC Gas Station||751,180 9,-16 7,4 -10,16
f10|USC Facilities Planning and Management||844,125 30,-57 60,32 -30,56
f28.0|3434 S. Grand Building||770,227 49,-93 4,2 3,-6 4,7 5,-8 17,8 -6,12 12,6 -3,7 47,25 1,-3 4,2 -19,36
f9|USC Maintenance Yard||613,208 28,-53 29,16 -28,53 -4,-3 -2,3 -5,-3 2,-3
b30|Galen Center||466,-40 28,-52 5,3 4,-8 -2,-6 1,-4 5,-1 4,2 1,5 10,5 2,-5 49,26 -2,5 6,3 6,-1 3,2 1,4 -1,4 -6,1 1,3 -35,64 -1,-1 -1,3 1,4 -2,5 -4,1 -4,-2 -2,-7 -5,11 4,2 2,-3 7,4 -5,9 -4,-2 -7,15 3,2 -5,10 -4,-2 -6,11 -66,-35 -14,-5 2,-7 -2,-2 5,-3 -1,-2 27,-21 -1,-1 1,-2 2,1 3,-4 7,3 -1,-1 3,-7 -9,-5 -5,3 -4,-2 -1,-4 2,-4 5,-1 5,-8
f13|University Gardens Building||409,79 22,-40 60,32 -4,7 6,3 -4,8 -6,-3 -5,10 5,2 -2,4 -6,-3 -6,12
f12|Windsor Apartments||-6,-984 0,-30 20,1 0,17 -11,0 0,12
f8|Temporary Research Facility||-526,-507 0,-10 98,-1 0,12 -8,0 -3,42 -38,0 -1,-4 -12,0 -1,-6 -24,0 1,-32 -4,0 0,3 -6,0 0,14 -11,0 0,5 -8,0 1,-16 11,0 1,-7
g11|Annenberg House||545,-874 7,-14 1,1 4,-5 -3,-1 7,-14 3,2 1,-2 -3,-3 7,-10 -2,-2 5,-8 1,1 2,-3 -2,-1 8,-16 -3,-1 3,-5 2,1 3,-5 16,8 2,3 -7,10 2,1 -1,3 -3,-1 -3,5 2,1 -9,19 1,1 -7,14 -2,-2 -3,6 2,1 -7,13 -2,-1 -1,3 4,2 -1,3 -2,-1 -3,7 -3,-2 -1,1
f7|USC Early Childhood Program||515,-938 12,6 -14,26 14,7 -7,12 -28,-12 7,-12 2,0
f7|Anna Bing Arnold Child Care Center Annex||460,-1008 -11,20 4,5 -4,6 -3,-2 -11,13 -1,10 3,7 -9,16 6,4 -16,32 -22,-12 9,-17 -5,-4 5,-9 2,1 4,-8 3,2 1,-4 -1,-1 19,-36 -2,-1 4,-9 8,4 10,-19
t22|Bovard Administration Building|17,f,10.5|-44,-38 3,1 1,-3 -4,-2 13,-25 3,2 11,-23 30,18 12,5 -6,11 -5,-3 -9,16 2,1 -6,11 -2,-1 -10,19 6,3 -6,11 -43,-22
f17.0|Hedco Chemical Engineering||-357,39 6,-11 2,1 3,-5 11,5 -2,3 5,2 -9,15 -3,-1 -2,4 -10,-6 3,-5
t26.0|Stauffer Hall||-145,92 22,11 -8,16 -22,-11
t21.0|Stauffer Science Lecture Hall||-198,94 14,7 -6,13 3,2 -9,18 -18,-10
f8|University Gardens Child Development Center||-624,-628 0,12 -3,0 1,17 2,1 0,20 -3,0 0,4 3,0 0,16 -56,0 0,-70
f16|Science & Engineering Library||-333,117 6,-8 -2,-2 4,-7 2,1 4,-9 31,17 -13,25 -24,-11 1,-1
v18|Birnkrant Residential College||267,-71 3,-4 -5,-3 26,-49 5,2 2,-4 6,3 -3,4 5,3 -8,15 19,10 0,1 5,3 -10,18 -5,-3 -2,3 -19,-11 -7,13 -4,-3 -2,5
f11.0|Cardinal 'n' Gold||446,-642 6,-12 7,3 2,-3 7,4 -7,14 -5,1 -7,-4 1,-1
f10.0|Fire Station 15||151,-732 29,1 0,3 7,0 -1,25 -19,0 0,10 6,0 0,7 -22,0
f12|Century Apartments Office Building||-446,-679 1,25 -14,0 0,-40 23,1 0,14
t13|Zaro Family Songwriters Theater||-31,-241 14,7 -8,14 -13,-7
b14|Ginsburg Hall||-495,-137 -1,-4 11,-20 62,30 -16,26
b13|Bloom Football Performance Center||-408,-206 20,-37 68,34 -20,40
f12.0|Moulton Organic Chemistry||-122,98 -2,3 -8,-5 6,-15 40,20 -7,13
v9|USC Village Fitness Center||-61,-467 6,-10 13,7 -5,10
b10.0|Ramo Recital Hall||55,-246 10,-6 10,5 1,13 -10,6 -11,-6
##B
o27.0|Lorsch Family Pavilion|-63,542 8,3 3,4 3,8 -5,11 -11,4 -8,-3 -4,-3 -3,-10 4,-9 4,-3
p14.0|North Parking Structure|-423,307 75,0 0,49 -61,0 0,-6 -14,0
o7.0||-101,769 6,4 -5,6 -5,-4
o7.0||-95,677 -7,5 -4,-6 6,-5
r8.0||329,775 -11,0 -1,-11 5,0 0,-2 18,0 0,9 -11,1
r8.0||322,760 1,-7 -1,0 -1,-4 20,0 0,8 -4,0 0,3
r8.0||338,791 -17,0 0,-6 -3,0 0,-5 20,0 0,3 2,0 0,4 -2,0
r13.0|Century Apartments 2|-435,-653 17,-4 10,41 6,6 46,13 -4,15 -47,-13 -6,3 -31,30 -12,-12 31,-30 0,-8
c26.0||671,101 41,20 -22,41 -40,-22
r8.0|Garrett Gardens|294,497 23,12 6,-12 -20,-13 5,-8 28,17 -19,30 -29,-18
o7.0|Century CSC|-392,-638 17,4 -5,18 -17,-4
r8.0|Garrett Gardens|348,508 0,12 -8,0 0,-21 30,0 1,21 -9,0 0,-12
p18.0|Downey Way Parking Structure|-486,-103 2,-2 4,3 1,-3 73,39 -1,2 4,3 -35,65 -4,-2 -1,2 -73,-38 1,-3 -4,-2
p10.0|Jefferson Blvd. Parking Structure|-428,-449 1,-2 -4,-2 1,-3 34,-63 4,2 1,-2 73,39 -1,2 4,2 -34,66 -5,-2 -1,2
p27.0|Royal Street Parking Structure|403,-171 -1,3 2,1 -24,47 -3,-1 -1,2 -73,-38 -2,4 -6,-3 28,-53 4,2 1,-3
p31.0|Parking Structure Two|446,117 -6,-3 4,-9 7,4 -1,1 31,16 -2,5 4,2 -47,88 -4,-2 -2,4 -32,-17
p12.0|McCarthy Way Parking Structure|334,67 -1,5 -4,-2 -3,5 -76,-41 2,-4 -3,-2 32,-59 2,1 3,-4 77,40 -3,5 3,1
u5.0||-321,-159 -1,-7 5,-9 5,-2 1,13 7,13 -7,1 -8,-4
u12.0||-360,-324 14,5 -3,0 -1,4 6,2 -1,3 -8,12 -14,-5
p25.0||347,360 -2,-1 -1,4 -2,-2 -4,7 -4,-1 -65,-34 3,-5 -4,-2 20,-39 5,2 3,-7 6,3 1,-2 4,0 60,32 -3,5 4,2
u6.0||-280,168 11,-20 7,4 -8,15 -1,-1 -3,5
r10.0||337,452 14,9 1,-2 3,2 -2,3 3,1 -1,3 -6,10 -8,-5 2,-2 -14,-9 -7,-7 2,-2 -2,-1 5,-7
u6.0||-431,-299 -9,13 -40,-28 9,-13
r5.0||-524,-375 -11,0 0,-20 11,1
o4.0||-462,-301 -4,5 -10,-7 3,-5
r5.0||-511,-411 -21,0 0,-32 21,0
o4.0||-490,-333 -2,4 -11,-5 3,-4
r5.0||-349,-326 -4,-1 4,-14 4,2
u5.0|Uytengsu Aquatics Center|-331,-408 2,0 -13,22 56,29 -2,3 5,2 -1,2 24,12 22,-42 8,5 -23,42 -4,-2 -1,2 -92,-48 4,-9 -4,-3 2,-5 -2,-1 11,-20 2,1 8,-14 5,3 -2,5 2,2
u8.0|John J Brooks Memorial Pavilion|-410,-288 11,4 12,-2 9,-5 7,-10 17,6 -12,16 -5,-6 -14,9 -12,1 -9,-1 -11,-5 5,-8
u5.0||-198,-187 1,-2 -2,-1 -2,4 -1,-1 1,-2 -15,-8 1,-2 -2,-1 -2,4 -1,-1 0,-1 -14,-8 1,-2 -2,-1 -1,2 -16,-10 -2,2 -12,-5 -6,-1 -4,1 -2,3 0,-3 -2,0 0,2 -10,3 0,-2 1,0 -2,-7 4,-3 4,-10 4,-2 16,10 1,-2 13,6 68,36 -5,9
u5.0||-257,126 5,3 -10,16 -4,-2
u7.0||-435,-289 5,-6 12,10 -5,6
r6.0||374,449 -9,16 -38,-22 9,-14
o4.0||-541,-280 22,-42 7,3 -19,36 89,47 -4,7 -4,-1 -61,-34 -10,-3 0,-2
u6.0||-354,-326 -12,-4 6,-18 12,4
r8.0||-798,-259 10,0 0,26 -10,0
r7.0||-692,-202 4,0 0,2 6,0 1,3 -1,19 -10,0
r7.0||-663,-217 0,39 -9,0 0,-30 -4,0 0,-9
r11.0||-788,-299 -1,5 -10,1 0,-16 10,0
r8.0||-757,-184 -11,1 0,-18 5,0 0,2 6,1
r7.0||-804,-356 -1,2 -4,0 0,1 -6,0 0,-21 11,0
r8.0||-787,-172 -14,0 0,-18 6,0 0,4 2,0 0,-4 6,0
r9.0||-838,-246 12,0 0,14 -11,0
r5.0||-820,-416 3,1 0,5 -8,0 0,-6
r6.0||-660,-202 5,0 0,2 6,0 1,3 -2,19 -10,0
r8.0||-792,-447 -30,-1 0,-6 11,0 0,3 2,0 0,-7 17,0
r9.0||-698,-181 -11,0 1,-17 6,-1 0,2 4,2
r8.0||-678,-358 1,-18 9,0 -1,18
r9.0||-652,-247 -1,2 -11,-2 0,-11 9,-2 0,2 3,0
r7.0||-792,-416 0,12 -10,2 0,-1 -5,0 0,-3 -2,0 0,-10
r11.0||-754,-183 0,-15 10,0 1,15
r8.0||-732,-377 0,2 3,0 0,16 -5,0 0,-4 -6,0 0,-12 3,0 0,-2
r10.0||-714,-364 -7,0 0,3 -4,0 0,-14 11,0
r7.0||-787,-204 1,8 -1,0 0,4 -13,0 0,-5 3,0 0,-2 -3,0 0,-5
r7.0||-800,-372 14,0 -2,18 -2,1 0,16 -10,0
r10.0||-809,-310 2,-4 5,0 0,21 -12,1 0,-18
r4.0||-750,-336 0,7 -12,0 0,-3 -6,0 0,-8 18,1
r8.0||-802,-220 -1,-3 14,-1 -1,6 -12,2
r8.0||-747,-377 0,2 3,0 0,15 -7,0 0,2 -4,0 -1,-17 3,0 0,-2
r7.0||-792,-438 -1,4 -21,-1 -1,-2 1,-3 6,0 0,-4 16,0
r4.0||-827,-201 -7,0 0,-2 -2,7 -2,0 0,-13 11,0
r8.0||-817,-319 0,16 -3,0 -2,-3 0,22 -8,0 0,-35
r7.0||-792,-479 -2,0 0,3 -16,-1 -2,-6 4,-3 14,0 0,2 2,0
r7.0||-800,-528 12,0 1,23 -6,0 -2,2 1,-2 -6,0
r14.0||-811,-258 0,29 -9,0 0,-3 -2,0 1,-3 -2,0 0,-22
r7.0||-828,-180 -3,0 0,2 -6,0 -1,-17 4,0 0,-3 6,3
r10.0||-835,-308 0,4 2,3 0,10 -11,0 0,-10 1,-3 2,0 0,-4
r11.0||-672,-242 -5,-1 0,-17 10,0 0,18
r7.0||-762,-323 0,1 10,0 0,29 -17,0 0,-8 6,0 0,-13 -6,-1 0,-8
r9.0||-720,-312 -1,13 -9,2 0,-2 -4,0 1,-12 7,1 0,-2
r9.0||-768,-354 1,-25 10,0 0,25
c9.0||-648,-267 31,-1 0,45 -6,0 -1,49 -14,0 0,-6 -8,0 1,-38 18,0 0,-5 -21,0
r6.0||-757,-230 -1,8 2,0 0,4 -12,-2 -1,-5 1,-3
r8.0||-839,-408 -2,0 0,2 -5,0 0,-2 -4,1 2,-16 5,0 0,2 4,0
r8.0||-804,-495 -7,0 -8,-4 2,-8 4,0 0,1 9,-1
r8.0||-748,-241 1,-3 -6,0 -1,-15 9,2 0,5 3,0 0,11
o5.0|Taco Bell|-588,-190 0,11 -12,-1 0,-17 12,0
c7.0||-843,-525 6,-1 -1,-5 4,0 0,11 -1,0 1,24 -3,1 -8,0 0,-6 4,0 1,-3 0,-4 -6,0 0,-17
r7.0||-704,-296 -12,0 1,-38 13,-1 0,7 -3,1 0,12 -7,0 1,5 3,0 0,-3 4,0
r8.0||-827,-524 1,2 6,-2 10,2 0,9 -7,-2 0,3 -7,0 -7,-3 1,-9
r8.0||-619,-473 0,2 3,0 0,-2 10,2 0,-2 10,1 2,1 0,8 -35,1 -2,-1 0,-8 2,0 0,-2
r8.0||-750,-450 1,42 -1,2 -8,0 0,-2 -1,0 0,-10 1,0 0,-3 -1,0 0,-10 1,0 0,-3 -1,0 0,-7 1,0 0,-9
c6.0||-650,-370 62,0 0,61 -55,0 0,-20 -2,-5 -6,-2 -5,2 -3,4 -1,21 -9,0 1,-23 9,-13 0,-25
r6.0||-686,-459 -13,0 0,-11 -2,0 1,-6 -4,0 0,-8 7,0 0,-1 9,0 0,2 2,-2 1,9 -2,0 0,1 2,8
r9.0||-733,-454 7,-1 0,1 3,0 0,-1 10,0 0,1 10,0 0,8 -20,1 -5,-2 0,4 3,0 0,14 -9,0 1,-10 -2,0 0,-4 2,0 0,-3 -9,0 0,-8
r8.0||-670,-488 1,12 -2,8 -2,-1 0,4 5,-2 23,0 2,1 0,8 -2,0 0,2 -23,0 0,-2 -3,0 0,2 -7,0 -2,-2 2,-10 -2,0 0,-18 2,-2
r8.0||-590,-514 0,1 1,0 0,10 -1,0 1,11 -2,0 1,3 1,0 0,10 -2,1 -9,0 2,-14 -3,0 0,1 -5,0 0,-1 -9,0 0,-8 14,0 0,2 4,0 -2,-5 0,-10 1,-1
r9.0||-748,-495 1,11 -2,5 4,0 0,-2 17,-1 2,1 0,8 -2,0 0,1 -10,0 0,-1 -7,1 0,-1 -3,0 0,9 -8,0 -2,-16 2,0 0,-4 -2,0 0,-10 2,0 0,-1
r6.0||-737,-292 -11,0 0,-38 11,0
r4.0||-741,-349 0,7 -15,0 0,-7
r5.0||-718,-351 7,0 0,7 -7,1
r5.0||-757,-208 -9,0 0,-8 9,0
r4.0||-846,-321 0,-9 14,0 0,9
r4.0||-826,-461 -10,0 0,-6 10,0
r5.0||-742,-225 -7,0 0,-9 7,0
r3.0||-827,-461 0,7 -9,0 0,-7
r7.0||-815,-173 -9,1 0,-23 9,-1
r9.0||-727,-242 -11,0 0,-17 11,0
r8.0||-671,-504 0,2 3,0 0,-2 10,0 0,2 3,0 0,-2 7,0 0,2 10,-1 -1,9 -9,0 0,3 2,0 0,4 -2,0 1,9 -9,0 0,-14 3,0 0,-3 -5,2 -25,-1 0,-8 2,0 -1,-2
r7.0||-732,-419 14,0 5,3 0,-4 -3,0 -1,-18 1,-1 8,0 2,1 0,10 -2,0 0,4 2,0 0,15 -2,1 -7,0 0,-1 -3,0 0,1 -10,0 0,-2 -4,0 0,2 -10,0 0,-1 -1,0 0,-8
r8.0||-637,-425 15,1 0,8 -2,2 -10,0 0,-2 -3,0 0,2 -11,0 0,-2 -3,0 0,2 -7,0 0,-2 -1,0 0,-7 1,0 0,-4 -1,0 0,-4 1,0 0,-3 -1,0 0,-10 1,-2 8,0 1,2 -1,17 -2,0 0,4 4,-2
r9.0||-730,-501 0,1 8,0 0,3 4,0 -1,-11 8,0 0,9 1,0 0,7 -1,0 0,3 1,0 0,10 -2,0 0,4 2,0 0,10 -1,1 -8,0 -2,-1 2,-27 -8,2 0,-2 -3,0 0,2 -10,0 0,-2 -1,0 0,-8
r8.0||-633,-521 0,1 3,0 0,-1 7,0 0,1 13,-1 0,1 2,0 0,8 -2,1 -10,0 -5,-2 4,11 -2,20 -8,0 -1,-19 2,0 0,-4 -2,1 0,-5 2,0 0,-3 -15,0 0,-8 2,0 0,-1
r9.0||-626,-446 7,-2 0,2 3,0 0,-9 8,0 0,9 2,0 0,7 -2,0 0,3 2,0 0,10 -2,0 0,4 2,0 0,10 -2,0 0,1 -8,0 -1,-2 0,-23 2,-5 -4,0 0,3 -7,0 0,1 -12,-1 0,-8 2,-2 10,0
r6.0||-684,-354 0,8 -9,0 0,-8
r10.0||-709,-246 0,-15 5,0 0,2 4,0 0,13
r4.0||-750,-339 0,-3 14,0 0,6 -14,0
r9.0||-792,-429 0,10 -29,1 0,-11
r4.0||-710,-206 -5,0 0,-11 5,0
r6.0||-843,-475 0,2 4,0 0,8 -20,1 0,-11
r4.0||-652,-228 -5,0 0,2 -7,0 0,-9 12,2
r5.0||-680,-348 10,0 0,4 -10,2
r7.0||-664,-221 -15,0 0,-7 13,-2
r7.0||-812,-475 0,8 -9,-1 0,-7
r7.0||-757,-257 0,17 -9,1 -1,-18
r7.0||-829,-423 1,17 -9,0 -1,-15
r8.0||-672,-338 0,10 -13,0 0,-10
r6.0||-790,-328 0,7 -10,0 0,-7
r4.0||-815,-214 -9,-1 0,-8 9,-1
r8.0||-803,-187 -2,15 -8,0 0,-30 10,0
r11.0||-673,-296 -12,0 0,-16 8,0 0,-2 3,0
r4.0||-695,-213 0,10 -5,2 -2,-2 0,-10
r6.0||-714,-181 -9,-1 0,-16 8,0 1,2
r9.0||-794,-475 2,1 0,10 -18,1 0,-12
r8.0||-694,-379 11,0 0,17 -3,4 -7,0
c5.0||-594,-744 -3,0 -1,-7 18,1 0,6
r4.0||-674,-742 0,1 6,0 0,9 -13,-2 0,-5 -2,0 0,-3
r5.0||-823,-628 -16,1 0,-4 2,0 0,-2 9,-1 0,-2 5,0
r8.0||-784,-610 0,6 -16,-1 0,-2 3,0 0,-3
r7.0||-634,-705 0,-2 -4,0 0,-16 5,0 0,4 9,0 0,14
c5.0||-780,-589 0,16 -36,0 -5,-5 -7,0 -3,3 0,19 -16,0 0,-33
r8.0||-728,-773 1,-3 10,1 0,18 -6,1 0,-4 -5,0
r6.0||-823,-612 -9,0 1,-14 8,1
r7.0||-812,-709 4,-1 0,13 -9,0 0,-14 5,0
r6.0||-823,-643 -7,0 1,-8 -3,0 0,-3 2,0 0,-2 6,0
r8.0||-841,-651 2,0 0,4 -2,0 0,4 -15,0 0,-12 15,0
r6.0||-753,-776 0,2 5,0 0,17 -10,0 -1,-19
r8.0||-743,-708 0,-19 10,-1 1,20
r8.0||-737,-758 0,-2 -6,0 -1,-14 12,-2 0,18
r6.0||-750,-709 -8,1 -1,-17 9,-1 0,5 4,0 1,12
r8.0||-787,-602 4,-1 0,7 -16,0 -1,-6
r9.0||-790,-669 0,-1 8,0 -2,13 -18,-1 2,-11
r5.0||-709,-754 2,2 0,8 -7,-2 0,-6
c7.0||-580,-752 -39,0 0,-15 39,0
r7.0||-784,-748 1,9 -15,0 -1,-9
r8.0||-653,-777 13,-1 0,21 -13,0
r10.0||-673,-714 -1,5 -8,1 -1,-18 10,-1
r9.0||-722,-708 -6,0 0,-14 11,0 -1,14
r8.0||-821,-710 1,14 -7,2 0,-3 -4,0 0,-13
r8.0||-706,-776 0,2 4,0 -1,17 -10,-2 0,-17
r4.0||-752,-749 0,-2 7,0 -1,7 -12,0 0,-5
r7.0||-782,-654 -2,9 -17,0 0,-3 -5,-1 0,-3 5,-2
r7.0||-837,-618 2,0 0,4 -2,1 -18,0 0,-8 2,0 0,-4 16,-1
r6.0||-794,-640 8,-1 0,6 -3,0 -1,2 -12,0 0,-8
r9.0||-841,-666 2,1 -2,1 0,5 -16,0 0,-12 16,0
o13.0|The Church of Jesus Christ of Latter-day Saints|-586,-629 0,34 2,0 0,3 -2,0 0,34 -37,0 0,-71
r10.0||-686,-763 -1,4 3,0 0,8 -7,0 0,-9 -7,1 1,-18 7,0 0,2 3,0
r8.0||-692,-725 5,2 0,14 -3,0 0,1 -8,-1 1,-14 1,-2
r7.0||-841,-639 0,-2 9,0 0,6 -8,0 0,4 -2,1 -13,-1 0,-4 -2,0 0,-4
r7.0||-801,-624 10,0 0,-1 5,1 0,8 -11,0 0,2 -5,1 -1,-11
r7.0||-668,-769 0,-6 2,0 0,-2 8,0 0,2 2,0 0,16 -8,1 0,-1 -4,0
r9.0||-702,-729 0,20 -10,0 -1,-15 6,-5
r8.0||-657,-729 0,4 2,0 -2,16 -10,2 0,-19
c4.0||-580,-704 -2,2 -10,0 0,-8 -2,0 0,2 -2,0 0,-2 -3,0 0,2 -6,-2 0,2 -2,0 0,-2 -3,0 0,2 -6,-2 0,2 -2,0 0,-7 38,0
r7.0||-810,-743 -7,0 0,-24 3,0 0,-2 3,-1 4,1 -1,16 2,0 -1,10
r8.0||-781,-693 -10,0 0,-17 10,0
r5.0||-706,-752 7,0 0,9 -7,1
r10.0||-673,-775 0,13 -10,0 0,-13
r4.0||-684,-751 0,6 -8,0 0,-6
r3.0||-752,-742 7,0 0,8 -7,0
r8.0||-835,-692 -10,0 0,-18 10,0
r7.0||-806,-640 0,10 -9,0 0,-10
o12.0||-755,-620 0,-34 -3,0 0,-21 2,0 0,-9 39,3 6,0 0,-3 13,0 -2,45 -18,3 1,-24 -14,0 0,9 -2,0 0,63 -7,0 0,1 -15,-1
c13.0||-624,-681 2,-3 35,-1 0,12 2,0 0,4 -2,0 0,12 -11,0 0,7 -18,0 0,-7 -6,0 0,-24
o12.0||-691,-672 0,16 5,0 0,13 -13,0 0,-29
r8.0||-794,-695 0,5 -11,0 0,-20 11,0
r6.0||-791,-689 9,-1 1,8 -10,0
r7.0||-807,-682 -11,1 1,-14 10,-1
c8.0||-596,-715 0,-18 -17,0 0,-10 33,0 0,28
r4.0||-725,-748 4,0 1,5 -9,0 0,-10 4,0
r7.0||-639,-728 -9,-1 0,2 -4,0 0,-15 13,0
r8.0||-826,-758 4,2 0,13 -10,0 0,-15
r7.0||-784,-762 0,9 -14,0 0,-3 -1,0 1,-6
r7.0||-643,-726 0,3 2,0 0,16 -11,0 0,-16 4,0 0,-3
r3.0||-813,-602 6,0 0,6 -9,-1 0,-5
r4.0||-833,-596 -2,-2 0,-5 2,-1 10,0 0,8
r5.0||-699,-742 0,8 -12,-1 0,-6
r10.0||780,-116 -4,9 -5,-2 1,-2 -3,-1 -2,3 -3,-2 10,-20 11,6
c12.0||765,-82 13,7 26,-48 79,43 3,5 -16,29 -4,2 -53,-29 -2,-2 0,-4 -14,-7 -16,30 13,8 3,-5 5,2 -3,6 7,-2 48,27 0,3 -15,28 -5,3 -94,-51
c5.0||742,-39 -13,-7 14,-26 13,7
r8.0||-66,-709 -7,1 0,-1 -6,0 0,-32 13,0
r9.0||-228,-740 0,17 -8,0 -1,-17
r9.0||-343,-725 -1,4 -5,0 -4,-3 0,-13 10,0
r8.0||-388,-734 1,11 -2,0 0,2 -10,1 1,-19 10,0
p4.0||-273,-706 -21,1 0,-5 20,-2
c5.0|Trojan Liquor|-552,-731 0,-15 3,0 0,5 36,0 0,9
r9.0||-364,-724 0,-2 -5,0 0,-1 0,-11 13,1 0,13
r11.0||-171,-739 13,1 -1,14 -10,0 0,-3 -2,0
r11.0||-184,-739 10,0 -1,17 -6,0 0,-3 -3,0
r9.0||-240,-740 0,17 -9,0 0,-17
r10.0||-155,-717 12,-1 1,12 -13,0
r10.0||-143,-726 -2,5 -10,-2 -1,-14 11,-1
r9.0||-49,-731 -2,0 0,24 -12,1 -1,-35 15,2
r8.0||-285,-736 0,13 -9,0 0,-16 9,0
r9.0||-419,-726 -2,0 0,3 -8,0 -1,-15 11,-1
r10.0||-216,-740 1,17 -4,0 -1,4 -4,0 -1,-21
r7.0||-271,-734 0,12 -4,-1 -5,3 0,-3 -2,0 -1,-19 12,0
r8.0||-383,-722 -1,-15 8,-2 4,2 1,17 -9,1 -3,-1
r9.0||-213,-726 0,-14 10,-1 0,19 -4,0 -1,7 -5,0
r10.0||-200,-714 0,-5 7,1 0,-5 -1,-2 -3,0 0,-3 -3,0 0,-11 9,1 0,4 2,0 0,3 -2,0 0,6 3,0 0,18 -12,1
r7.0||-326,-742 0,31 -13,0 0,-7 4,0 0,-24
r6.0||-394,-706 0,-8 8,-1 0,9
r8.0||-415,-706 0,-10 1,0 0,-26 12,0 0,36
r8.0||-357,-710 -13,0 0,-13 13,1
c5.0||-528,-717 -26,0 0,-14 26,0
c5.0||-516,-717 0,9 -37,1 0,-10
r10.0|Jessie L. Terry Manor Apartments|-471,-582 -2,0 0,15 -9,-1 0,4 -3,0 0,-5 -5,0 2,-41 -35,0 1,41 -4,0 0,5 -3,0 0,-4 -9,1 -2,-40 -4,-5 -2,-6 1,-6 5,-6 0,-25 -2,0 0,-5 2,0 0,-2 9,0 0,-4 -3,0 0,-5 3,0 0,4 9,-1 -1,41 35,0 -2,-41 5,0 0,-5 3,0 0,4 9,-1 0,15 2,0
r11.0||-126,-706 -13,0 -1,-32 14,0
r5.0||-211,-711 9,-2 0,8 -9,0
r4.0||-342,-705 -13,0 0,-11 13,0
o13.0||581,261 14,7 -2,5 8,6 -15,28 -3,1 -4,9 -31,-17 4,-8 -8,-5 6,-12 9,4 9,-17 10,4
r8.0||591,424 12,7 -6,11 -5,-2 2,-5 -3,0 -2,3 -4,-2
c7.0||511,635 -11,20 -25,-14 11,-20
c9.0||600,636 -6,12 -37,-18 7,-13
r11.0||498,752 0,1 -4,-2 7,-13 4,2 -1,1 32,17 -6,12
c8.0||274,702 0,1 14,0 0,4 -4,0 0,5 -21,2 -1,-12
r7.0||601,443 6,-11 16,8 -3,8 -1,0 -2,3
c7.0||463,702 2,-3 2,1 2,-4 13,7 -4,7
c6.0||607,657 27,14 -2,6 7,4 -3,5 -7,-4 -1,3 -28,-15
c7.0||545,653 4,-7 24,13 8,-16 14,8 -21,39 -38,-20 6,-11 -2,-1 3,-7
r8.0||337,609 1,12 -25,0 -1,-4 6,0 0,-8
c12.0|Mercado la Paloma|671,350 -4,7 4,7 -12,22 -38,-21 17,-32
c5.0||499,800 -3,7 -19,-10 -1,2 -7,-4 6,-9
r11.0||535,869 -12,-7 5,-9 8,3 6,5
c6.0||541,604 -10,20 -17,-9 0,1 -9,-6 -2,0 -2,4 -9,-5 13,-24
r9.0||275,639 10,1 0,10 -19,1 0,-12
r9.0||336,685 0,5 -1,0 1,7 -21,0 0,-5 4,0 0,-2 -4,0 0,-5
c7.0||502,656 3,1 -2,5 -3,-2 -3,5 -2,-1 -9,17 -24,-13 13,-27
c7.0||581,804 -3,5 -5,-2 -1,2 -20,-11 13,-24 -9,-5 -1,2 -7,-4 9,-16 40,21 -17,31
c7.0||506,560 -1,1 -19,-11 -1,-6 16,-31 23,12 3,-4
c7.0||618,731 -13,24 -29,-15 -8,16 -11,-6 21,-40
r8.0||326,564 12,-1 -1,13 -22,-1 0,-11
r8.0||534,848 -13,-5 6,-11 25,13 -3,8 -1,-1 -1,3
r3.0||301,667 -8,1 0,-6 2,0 1,-9 5,0
r8.0||315,676 5,0 0,-2 -5,0 0,-5 21,0 0,12 -21,0
r8.0||266,666 0,-12 23,0 0,4 -6,0 0,4 3,0 0,4
r10.0||524,893 -11,-6 1,-3 -2,0 3,-7 14,7
c6.0||554,549 -3,2 1,-3 -13,-7 5,-9 2,2 1,-2 27,14 -6,11
r5.0||534,834 -5,-3 2,-3 -2,0 -1,2 -5,-2 6,-11 2,-1 9,7
r9.0||517,908 -2,2 -4,-2 1,-2 -8,-4 2,-4 -5,-2 4,-6 17,7
r8.0||333,547 4,0 1,13 -13,0 0,-3 -2,0 0,3 -12,0 0,-13
r7.0||284,609 -1,5 3,1 -2,2 0,3 -18,1 0,-13
c18.0||555,581 -2,4 -35,-18 6,-12 23,14 0,-1 12,6 -2,4 1,1 -2,3
r9.0||323,655 13,0 2,8 -2,0 0,4 -13,-2 0,2 -6,0 0,-4 2,0 0,-8
c15.0||701,458 38,20 8,5 -2,4 3,1 -15,27 -6,-2 -20,36 -43,-23
r9.0||646,380 -1,2 2,-1 8,4 -6,9 -15,-8 5,-10
c7.0|Sunnyside LLC|634,579 51,27 -7,13 -15,-7 -11,20 -7,-3 11,-21 -1,3 -10,-3 3,-5 -3,4 -11,-6 3,-4 -5,-2 -1,3 -3,-2 -12,23 -2,-2
r8.0||327,651 0,-1 -5,0 0,1 -5,0 0,-11 19,0 0,10
r9.0||629,371 0,3 1,-2 8,4 -6,9 -15,-9 4,-9
r8.0||337,699 1,12 -1,1 -21,0 -1,-12
r7.0||335,579 3,1 -1,10 -17,0 0,-11
r4.0||308,621 -7,0 0,-14 7,0
c7.0||596,558 38,21 -7,13 -38,-21
r7.0||308,623 0,15 -6,0 0,-15
r8.0||613,695 13,7 -6,10 -13,-7
r4.0||517,825 4,-7 5,3 -3,7
o4.0||756,268 1,-2 -2,0 10,-19 112,-3 -11,19 -82,3 0,6 -3,5 -10,4 -10,-3
c9.0||481,893 24,13 -14,26 -24,-13
r4.0||308,698 -6,0 0,-14 6,0
r3.0||306,562 -5,0 0,-15 5,0
r4.0||307,653 0,12 -6,0 0,-12
c4.0||664,200 3,2 -8,16 -3,-2
r4.0||308,668 0,14 -6,0 0,-14
c3.0||532,524 -14,26 -5,-3 14,-26
r3.0||307,575 -6,1 0,-12 6,0
c3.0||669,222 -6,-3 10,-20 6,3
c3.0||301,683 -6,0 0,-12 6,0
c3.0||690,182 -8,15 -6,-3 8,-15
c5.0||630,669 3,-6 9,5 -3,6
c5.0||502,824 -6,-4 10,-17 5,3
c6.0||635,654 -7,13 -21,-11 7,-13
r8.0||538,835 5,-12 9,5 -6,11
r8.0||564,704 -7,12 -29,-17 6,-11
c5.0||501,824 -4,7 -36,-19 4,-10 7,4 -1,3
r8.0||554,831 1,-2 9,5 -7,11 -9,-5
r11.0||337,593 0,14 -33,-1 0,-13
c6.0||579,710 6,-13 34,18 -7,13
c6.0||564,526 -5,10 -22,-11 6,-11
c4.0||626,386 -3,5 -3,-1 -1,1 -9,-5 4,-7
c11.0||553,731 -7,13 -23,-13 7,-12
c25.0||727,95 -7,13 1,-1 -35,-19 7,-12
c7.0||627,592 -14,26 -38,-20 14,-27
c10.0||483,699 -14,-7 2,-5 -3,-2 4,-8 18,10
c7.0||663,528 -40,-21 20,-38 40,22
r4.0||296,653 -1,-11 6,0 0,11
r5.0||494,884 -2,4 -3,-1 -3,7 -4,-2 6,-12
c4.0||655,234 7,-14 3,0 1,1 -8,14
o7.0||690,202 2,1 -1,2 -2,0 -9,-5 9,-16 8,5
c3.0||481,826 -4,4 -11,-6 1,-2 -2,-1 1,-3
r8.0||338,625 -2,11 -21,0 1,-11
r7.0||615,454 -2,3 2,1 -5,6 -15,-8 5,-10
c15.0||623,507 40,21 1,-2 49,27 -28,53 -89,-48
r4.0||594,697 -7,-4 5,-9 4,2 -1,2 3,2
r10.0||549,691 -14,-6 6,-12 11,6 -3,6 2,2
c4.0||690,478 -15,-8 14,-25 4,3 -4,7 10,5
c12.0||610,675 -1,2 16,8 -7,12 -24,-13 1,-3 -1,0 6,-11
r5.0||524,831 -3,5 -3,-1 -3,6 -5,-2 6,-12
c4.0||517,768 2,-2 4,2 -4,8 -5,-2
c4.0||543,531 -3,6 -9,-5 4,-5
c5.0||258,691 2,-1 0,-6 19,0 0,6
c7.0||522,785 -6,-3 8,-14 6,5
c31.0|Grand Ave Structure|693,76 -7,-4 44,-83 104,56 -4,21 -42,78 -68,-36 7,-13
o36.0||674,291 3,-5 -2,-1 1,-3 2,1 16,-29 32,-1 1,3 -26,49
c9.0||496,866 7,-14 24,15 -7,12
r5.0||583,851 3,-6 7,4 -6,12 -7,-4
c6.0||764,895 28,15 -2,3 -2,-1 -3,5 -37,-19 4,-9
c7.0||605,907 12,-23 26,14 8,-16 12,6 2,6 -19,35
u6.0||708,745 9,-18 16,9 12,-23 9,6 1,5 -19,36
r8.0||584,903 -4,-2 -1,3 3,1 -2,4 -16,-8 6,-12 16,9
c10.0||702,690 -20,39 -21,-11 0,-4 -5,1 18,-34 7,-2
r5.0||704,881 6,-13 8,4 -8,12
r10.0||577,875 14,9 -6,9 -14,-7
c8.0||750,641 19,-36 13,7 -3,6 10,6 -7,14 3,2 -8,16
c6.0||736,603 25,13 -11,25 -27,-14
r8.0||781,734 13,7 -16,30 -12,-7
c8.0||650,816 -2,5 -19,-10 -8,15 5,3 -3,6 -18,-9 -3,-8 18,-34 39,21 -7,13
c7.0||788,788 14,7 -21,40 -42,-22 17,-31 9,5 5,-9
c8.0||695,738 41,22 -57,106 -34,-19 5,-10 -6,-4
c7.0||774,849 7,-13 39,21 -7,13
r4.0||733,880 6,4 -6,12 -7,-3
r4.0||596,892 6,3 -4,8 -6,-3
c6.0||757,685 -13,-7 16,-31 13,7
c3.0||753,559 4,2 -7,13 -4,-2
c7.0||806,884 -39,-21 7,-14 39,21
c7.0||707,625 10,5 -18,34 -10,-5
r9.0||601,871 -6,11 -18,-9 6,-11
r4.0||602,854 -6,11 -7,-3 6,-12
c5.0||688,734 -7,-4 5,-9 7,4
r4.0||744,902 -7,-4 7,-12 6,3
c7.0||770,696 -13,-7 18,-34 13,7
c9.0||675,775 -26,-14 -2,5 -14,-7 15,-28 40,20
c6.0||780,835 -7,13 -23,-12 5,-11 -16,-8 2,-3
c7.0||767,863 39,21 -7,13 -39,-21
c6.0||743,678 2,-4 -13,-7 15,-27 13,7
r6.0||756,882 -6,-4 2,-6 7,4
c4.0||761,554 -7,-3 4,-10 8,4
r5.0||728,885 -3,7 -13,-7 4,-7
r10.0||722,859 2,1 1,-2 15,8 -6,11 -15,-8 1,-2 -2,-1
c5.0||710,619 19,-36 13,7 -19,37
r4.0||750,873 -5,8 -6,-3 4,-9
c6.0||752,872 -20,-11 6,-14 27,15 -7,14
c7.0||659,805 -28,-15 7,-13 28,15
c7.0||760,876 31,17 -6,12 -33,-16
u13.0|Dr. Theodore T. Alexander Science Center School|137,321 -44,3 0,-4 -27,2 0,-3 21,-1 0,-3 7,0 0,-2 -18,1 0,-8 32,-4 0,-2 -5,-1 1,-3 25,6 0,-1 15,-1 0,-3 -4,-1 0,-2 26,6 -1,-2 43,-3 -1,2 0,15 10,0 1,3
r8.0||-647,732 0,-2 7,0 0,14 -6,0 0,-4 0,2 -6,0 0,-10
r9.0||-768,885 -2,10 1,23 -12,0 0,-33
r7.0||-799,831 -1,22 -10,-2 -1,-20
r7.0||-769,731 0,12 -12,-1 0,-11
r8.0||-838,846 0,2 -5,0 1,-15 10,-1 0,14
r8.0||-755,731 1,16 -7,0 0,5 -4,0 -1,-21
r10.0||-679,831 0,17 -1,2 -9,0 -1,-19
r8.0||-691,729 9,0 0,21 -9,0
r7.0||-688,799 -1,-19 12,1 0,18
r9.0||-813,831 -2,16 -2,0 0,3 -7,0 0,-3 -3,0 0,-16
r6.0||-796,834 5,0 0,-2 6,2 0,14 -11,1
r6.0||-659,893 6,0 0,3 6,0 0,15 -4,0 0,2 -8,0
r6.0||-632,801 0,-23 8,0 0,23
r6.0||-727,734 2,0 -1,21 -9,0 0,-21 2,0 0,-2 6,0
r7.0||-801,731 2,0 0,16 -2,0 0,4 -9,0 0,-20
r8.0||-809,800 0,-19 5,0 0,1 4,2 1,16
r7.0||-706,888 -14,1 0,-9 8,-1 2,-2 4,0
r5.0||-834,782 6,1 -1,17 -10,0 0,-4 -2,0 1,-14
r8.0||-796,851 9,-1 -1,10 3,0 1,10 -9,0 0,-9 -3,0
r8.0||-740,797 -1,0 0,2 -9,0 -1,-2 1,-16 4,0 0,6 6,0
r7.0||-709,731 0,15 -10,1 1,-16
r7.0||-663,781 0,18 -11,0 0,-18
r7.0||-662,913 -4,0 0,2 -7,-2 0,-21 2,0 0,-3 7,0 0,3 2,0
r9.0||-723,847 -7,2 0,1 -6,0 0,-18 6,-1 0,1 6,0
r7.0||-781,800 0,-20 13,0 1,20
r6.0||-644,795 0,-17 8,0 0,22 -8,0
r8.0||-647,831 0,21 -6,0 0,4 -6,0 0,-25
r6.0||-797,885 -3,0 -1,31 -7,-2 0,2 -3,0 0,-28 5,0 0,-10 9,0
r8.0||-677,914 -12,0 -1,-22 7,0 0,2 6,1
o32.0|SKETCH Foundation Gallery Air and Space Exhibits|159,445 -34,0 -10,5 -10,2 -8,-8 1,-9 5,-4 16,0 0,-3 40,0
r9.0||-663,831 0,12 -2,1 0,5 -8,0 0,-18
r9.0||-720,832 10,0 1,2 1,25 -2,1 2,1 0,10 -12,0
r4.0||-822,890 0,6 7,0 -1,17 -9,0 -1,-1 0,-22
r6.0||-796,892 5,-1 0,8 5,0 0,13 -2,0 0,2 -8,-2
r9.0||-783,799 -13,0 0,-18 5,0 0,4 3,0 0,-4 5,0
o3.0||-43,758 2,-1 2,2 -6,18 -2,1 -2,-3
r5.0||-755,912 -1,3 -10,-1 1,-20 4,0 0,3 6,0
r8.0||-692,911 1,0 0,7 -13,0 -1,-39 5,0 0,-1 8,0
r9.0||-656,731 0,18 -7,-1 0,15 -4,0 1,-32
o4.0||-340,598 3,1 -1,3 -16,9 -3,-1 1,-4
r6.0||-646,768 13,-2 1,2 7,0 1,8 -22,0
r7.0||-841,740 0,-8 10,0 -1,15 -8,0
o14.0|California African American Museum|140,549 0,-10 -11,0 -4,-4 11,-11 -4,-2 -1,-9 12,4 15,-15 -2,-6 2,-3 4,-2 6,1 30,-30 1,17 1,0 0,9 2,0 1,41 -8,8 1,2 4,5 1,19 -35,0 3,2 -3,3 -2,-2 0,-10 2,0 0,-7
c28.0|Natural History Museum of Los Angeles County|-304,364 0,12 10,0 0,-3 45,1 0,-7 6,0 0,-30 18,0 0,30 8,0 0,7 -1,25 -6,-1 0,30 -17,0 0,7 -53,0 0,3 -5,0 0,2 -30,0 0,-2 -6,0 0,-3 -80,0 0,-39 25,0 0,-2 -5,0 0,-3 5,0 0,-14 14,0 0,-13 29,0 0,13 23,0 0,-13
p10.0|Visitor Parking Structure|160,671 0,-3 -65,0 0,4 -12,0 0,-4 -73,0 0,-4 -5,0 -2,-4 5,0 0,-18 1,0 -1,-56 2,0 -5,-13 4,-4 6,17 86,0 0,-25 6,0 0,23 4,0 0,2 43,0 0,4 48,0 0,78 -41,0 0,3
o6.0||-409,833 -2,0 1,-31 5,-5 4,6 -4,4 12,16 1,-2 5,6 -1,6 -3,0 0,24 -12,6 -6,0
o5.0||-159,867 -3,-13 38,-7 2,12
o5.0||-370,627 4,3 -25,28 -4,-3
r7.0||-638,764 -14,0 0,-10 14,0
r8.0||-753,783 0,16 -11,0 0,-16
r6.0||-790,766 0,11 -7,0 1,-11
o4.0||-283,475 0,-6 14,0 0,-16 32,0 0,14 12,0 -1,4 -3,0 0,5
r4.0||-682,884 -8,0 0,-7 7,0
o5.0||-289,585 2,13 -37,7 -2,-13
r3.0||-774,767 6,0 0,8 -6,0
r8.0||-754,848 -12,-1 0,-15 12,0
r6.0||-752,865 0,7 -14,0 0,-7
r5.0||-736,883 -11,1 0,-6 11,0
r5.0||-818,779 -8,0 0,-9 8,0
o5.0||-339,880 0,7 -25,0 0,-7
r4.0||-790,887 -6,0 0,-9 6,0
o4.0||-275,860 -1,6 -15,-3 2,-6
o4.0||-247,867 -1,-6 16,0 0,6
o4.0||-333,613 -6,-3 7,-12 6,3
r5.0||-653,877 0,7 -7,0 0,-7
o4.0||-286,591 0,-6 15,0 0,6
o5.0||-126,593 -3,12 -37,-7 2,-13
r5.0||-702,865 7,0 0,7 -7,0
o4.0||-182,591 0,-6 15,0 0,6
r6.0||-721,781 12,0 0,19 -11,0
o23.0|Space Shuttle Endeavour|-163,472 0,36 -47,-1 0,-35
o22.0||159,333 -1,2 -26,0 0,4 -11,0 0,-4 -15,0 0,-2 -12,0 0,-5 78,0 0,5
r3.0||-624,765 -6,0 0,-8 6,0
r9.0||-694,850 -10,0 0,-18 10,0
o22.0|California Science Center IMAC|-18,581 -23,23 -24,-23 23,-23
r8.0||-690,870 0,-14 10,0 0,14
r7.0||-721,865 0,7 -15,0 0,-7
o5.0||-424,689 13,0 0,76 -13,0
o5.0||206,400 0,5 -43,0 0,-5
r7.0||-815,780 0,20 -11,0 0,-19
o4.0||-202,591 0,-6 15,0 0,6
r7.0||-693,764 -11,0 1,-12 10,0
o4.0||-266,591 0,-6 15,0 0,6
o4.0||-207,861 0,6 -15,0 0,-6
o5.0||-335,858 2,-12 38,8 -3,12
r4.0||-697,766 7,0 -1,10 -6,-1
r8.0||-629,840 3,0 0,4 -16,0 0,-5
r9.0||-781,871 0,-10 5,0 1,10
r8.0||-642,834 0,-6 16,1 0,5
r3.0||-712,768 0,-2 6,0 0,9 -6,0
o6.0||-187,885 0,8 -20,1 0,-6 3,0 0,-3
r8.0||-642,855 0,-5 16,0 0,5
r8.0||-642,866 0,-6 16,1 0,5
r8.0||-626,838 -16,1 0,-5 16,0
r8.0||-642,850 0,-6 16,0 0,4 -3,0 0,2
r8.0||-626,859 -3,0 0,1 -13,0 0,-5 16,0
r8.0||-626,870 -16,1 0,-5 16,0
r7.0||-636,748 0,-16 8,0 0,2 4,0 0,14
r9.0||-785,731 0,22 -11,1 0,-23
r7.0||-779,855 0,-3 -3,0 1,-21 11,0 0,24
r4.0||-752,877 0,9 -14,0 0,-6 7,0 0,-3
r5.0||-669,758 0,5 -3,0 0,2 -7,-1 0,-6
r8.0||-723,878 0,32 2,0 0,8 -14,0 0,-39
r7.0||-659,778 9,0 0,23 -9,0
r3.0||-829,775 -3,1 0,-1 -3,0 0,-8 6,0
o20.0|Roy A. Anderson Recreation Center|-365,956 -26,0 0,2 -5,0 0,-76 24,0 0,2 6,0
r6.0||-828,758 0,6 -2,1 -12,-1 0,-6
r7.0||-819,745 0,8 -8,0 0,-20 14,-2 0,14
r7.0||-694,731 0,16 -10,0 0,-16
o18.0||-582,854 0,71 -39,0 0,-71
r6.0||-668,746 -7,1 0,-2 -2,0 0,-14 9,0
r5.0||-739,752 -11,0 0,-21 11,0
r7.0||-830,895 0,19 -4,0 0,-2 -8,2 0,-19
o4.0||-188,861 0,6 -15,1 0,-7
r7.0||-693,782 3,0 0,15 -4,0 0,2 -11,0 1,-17
r6.0||-660,771 -1,3 -12,0 0,-7 13,-1
r8.0||-742,832 2,19 -11,0 0,-19
r4.0||-812,759 -1,6 -4,0 0,-11 5,0
r5.0||-710,895 0,18 -9,0 -1,-18
r7.0||-624,881 0,9 -13,-2 0,2 -7,0 0,-9
r4.0||-728,765 -2,0 2,-7 7,1 0,6
r3.0||-107,835 7,10 -7,7 -4,-5 -8,7 -4,-5
r7.0||-799,774 -12,0 -1,-6 13,-1
r7.0||-682,775 -2,0 0,1 -6,-1 0,-9 8,0
o4.0||-323,292 -1,5 -13,0 1,-5
r7.0||-740,892 1,21 -2,1 -9,-1 0,-21
c26.0|California Science Center|-17,538 0,9 -26,-5 -19,-1 0,-3 -7,0 0,3 -8,0 0,4 -18,0 0,-3 -19,5 -1,-10 -5,0 -1,11 -11,2 -26,2 0,-3 -33,0 0,-36 29,0 1,4 6,0 3,-8 8,-5 -1,-4 -4,-1 0,-27 15,1 13,8 1,5 5,0 1,-11 98,0 0,12 9,7 -3,2 0,42
r6.0||-735,777 12,0 0,8 -2,0 1,15 -11,1
r6.0||-723,535 2,8 -18,-2 0,-4 2,0 1,-2
r6.0||-766,430 0,12 -3,0 -1,3 -4,0 -1,-15
r7.0||-706,643 0,9 -17,-1 0,-8
r6.0||-832,688 11,0 1,11 -3,0 0,2 -9,0
r7.0||-743,444 -10,1 0,-11 32,1 0,11
r11.0||-677,391 2,-26 13,0 2,5 1,21
r9.0||-670,695 -1,9 -14,0 0,-4 -3,0 0,-5
r8.0||-671,586 0,11 -15,-1 3,-10
r5.0||-744,681 0,4 2,0 0,7 -17,0 -1,-10
r7.0||-841,646 2,8 -2,0 0,3 -14,0 0,-11
r5.0||-765,585 -1,4 -7,0 2,-13 5,0
r6.0||-657,540 -3,0 0,1 3,0 0,10 -13,0 1,-27 12,0
r4.0||-721,458 4,0 0,6 -12,-1 0,-3 3,0 0,-2
r4.0||-699,520 1,-9 11,0 -2,10
r6.0||-710,678 -11,0 -2,-7 2,-3 11,0
r7.0||-743,668 -1,9 -15,0 0,-9
r7.0||-688,599 15,0 0,3 2,0 0,7 -17,0
r6.0||-721,690 -2,-1 2,-8 14,1 0,8
r4.0||-835,426 1,3 -9,-1 2,-7 6,0
r7.0||-748,420 0,4 2,0 0,4 -2,0 2,5 -9,0 0,-13
r6.0||-744,654 0,4 2,0 0,6 -17,-1 2,-9
r4.0||-772,647 -1,-5 5,0 1,5 0,57 -5,0
r4.0||-776,698 0,6 -6,0 1,-62 5,0
r9.0||-628,618 0,11 -14,0 0,-2 -2,0 0,-7 2,0 0,-2
r16.0||-615,591 1,-13 24,-1 6,2 0,12
r8.0||-784,701 -13,0 0,-17 5,0 0,2 2,0 0,-2 6,0
r16.0||-584,701 -6,2 -22,0 -2,0 -1,-8 31,0
r5.0||-787,625 -6,1 0,-2 -3,0 0,-15 3,0 0,-2 6,2
r3.0||-686,530 0,6 -5,0 0,-14 3,0 0,-4 2,0
r4.0||-799,588 6,0 0,13 -6,0
r8.0||-671,667 -16,0 1,-14 12,1 0,3 3,0
r6.0||-652,496 1,11 -49,0 0,-11
r9.0||-805,392 -5,-1 0,-13 9,1 0,13
r5.0||-651,475 0,8 -21,-1 1,-7
r5.0||-734,545 0,8 -13,0 0,-8
r8.0||-680,336 0,5 -4,0 0,2 4,0 0,5 -18,0 -1,-12
r7.0||-743,641 0,8 -2,0 0,2 -9,0 0,-2 -3,0 0,-3 -2,0 0,-5 2,0
r6.0||-670,683 0,9 -4,0 0,2 -16,-4 0,-5 4,0 0,-2
r4.0||-682,486 0,8 -18,0 0,-8
r9.0||-631,635 2,9 -15,1 0,-10
r8.0||-679,319 0,4 -5,0 0,3 5,0 0,5 -19,0 0,-4 -2,0 1,-8
r6.0||-821,681 1,0 0,4 -1,0 0,3 -10,0 -1,-8 11,-1
r19.0||-586,647 3,5 0,6 -32,0 1,-12
r5.0||-759,532 0,2 -2,1 0,1 -4,0 0,-9 6,0
r5.0||-802,660 1,5 -12,1 0,-6
r8.0||-738,405 0,1 12,0 0,10 -19,0 0,-3 3,0 0,-3 -6,0 0,-5
r4.0||-717,451 0,6 -16,0 0,-5
r6.0||-776,377 10,1 -1,43 -9,0
r7.0||-742,574 -1,10 -10,0 0,2 -6,0 0,-10 1,0 0,-2
r6.0||-815,641 9,0 0,8 -3,1 7,0 0,9 -9,0 0,-2 -2,0 2,-6 -4,0
r5.0||-854,631 0,-3 -2,0 1,-6 17,1 0,3 -4,0 0,5
r4.0||-711,602 -1,9 -8,0 -2,-4 2,-5
r5.0||-751,532 -7,0 0,-6 9,0 0,6
r4.0||-833,554 -5,0 -1,-3 1,-30 5,0
r7.0||-671,618 -2,0 0,3 -19,0 2,-6 3,0 0,-5 16,0
r3.0||-821,453 3,1 0,-12 6,0 0,17 -9,0
r8.0||-815,582 2,0 0,-6 11,0 -1,8 -1,0 0,30 3,1 0,8 -14,-1
r9.0||-627,647 0,10 -21,0 0,-10
r9.0||-674,533 -1,12 -8,1 0,-13
r7.0||-639,587 13,0 1,9 -8,1 -12,-1 0,-9
r19.0||-614,646 2,-1 -1,-9 -1,0 0,-14 31,0 0,7 -4,5 1,12
r7.0||-854,596 -3,-1 0,-8 16,-1 0,10
r6.0||-712,662 3,0 0,3 -2,2 -12,-1 0,-8 2,-1 -5,0 0,-3 14,1
r7.0||-634,575 6,1 0,7 -2,2 -13,-2 0,-8
r7.0||-834,347 0,1 -8,0 3,-15 5,2
r6.0||-722,585 0,-4 -1,0 1,-6 14,0 1,12 -4,0 0,-2
r7.0||-721,706 -2,-9 2,0 0,-2 17,1 0,2 -3,0 2,4 -2,4
r6.0||-671,637 1,11 -13,1 0,-7 -2,0 0,-5
r7.0||-709,613 0,2 3,1 0,-3 5,0 0,5 -8,0 1,5 -15,0 0,-10
r6.0||-778,423 -1,15 -8,0 0,-62 9,0
r6.0||-789,550 -15,1 -4,-1 0,-16 6,0 0,-48 -6,0 0,-11 19,0
r5.0||-771,630 0,1 4,0 1,9 -7,0 0,-2 -2,0 0,2 -8,0 1,-9
r6.0||-629,660 2,1 0,5 -2,2 4,0 0,5 -16,1 -1,-5 -2,0 0,-5 2,0 1,-4
r11.0||-732,402 -10,0 0,-7 3,0 0,-2 3,0 0,-4 10,0 2,8 -2,0 0,4
r7.0||-699,634 0,20 -6,0 0,-5 3,0 -3,-1 -1,-5 1,-16 6,0
r6.0||-832,475 19,0 0,11 -6,0 0,47 6,1 0,16 -3,1 -16,-1
r6.0||-831,659 0,-9 9,0 -5,-1 0,-8 10,0 0,10 -5,0 2,6 -2,0 0,2
r10.0||-690,429 0,2 3,0 0,-2 16,-1 0,10 -16,-1 1,32 -12,0 -1,-40
r4.0||-717,420 0,4 -28,0 0,-5
r4.0||-697,643 8,0 0,8 -8,0
r6.0||-842,391 0,-13 8,0 0,13
r5.0||-823,602 7,0 0,12 -7,0
r5.0||-622,625 6,0 0,9 -6,0
r16.0||-615,658 32,0 -1,12 -31,0
r6.0||-743,600 0,9 -14,0 0,-9
o5.0||-598,278 0,8 -10,0 0,-8
r8.0||-711,599 -12,-1 0,-9 12,0
r4.0||-816,600 -7,0 0,-11 7,0
r5.0||-816,628 -7,0 0,-12 7,0
r6.0||-792,645 8,0 0,33 -8,0
o5.0||-585,305 -7,0 0,-10 7,0
r4.0||-658,488 0,5 -10,0 1,-5
r16.0||-614,610 -1,-19 31,0 0,19
r4.0||-816,586 -7,0 0,-11 7,0
r4.0||-783,601 -6,0 0,-12 6,0
r9.0||-644,695 15,0 0,9 -15,0
r4.0||-615,658 0,9 -7,0 0,-9
r8.0||-824,378 0,14 -8,0 0,-14
r7.0||-811,435 -9,0 0,-16 9,0
r5.0||-832,602 6,0 0,12 -6,0
r4.0||-692,616 -7,0 0,-6 7,0
r16.0||-615,695 0,-25 31,0 0,25
r4.0||-832,575 6,0 0,11 -6,0
r6.0||-639,529 -2,0 0,-10 16,0 0,32 -16,0 0,-10 5,0 0,-12
r5.0||-826,600 -6,0 0,-11 6,-1
r7.0||-686,537 0,13 -13,0 0,-13
r7.0||-723,637 0,-9 17,1 0,8
r5.0||-834,398 0,12 -16,0 0,-13
r16.0||-583,622 -31,0 0,-12 30,0
r4.0||-706,681 0,-12 6,0 0,12
r5.0||-692,475 0,7 -7,0 0,-7
r4.0||-789,586 0,-12 6,0 0,12
r5.0||-825,628 -7,0 0,-12 7,0
r4.0||-803,396 0,11 -7,0 0,-11
c16.0|Wellnest|-612,379 1,-18 -26,1 0,-6 2,0 0,-3 5,0 0,-8 -7,0 0,-6 28,1 0,-9 14,0 1,8 8,0 0,4 -6,0 0,3 6,0 0,13 -2,0 0,3 2,0 0,4 -2,0 2,15 -8,0 0,3 5,0 0,4 -17,1 -6,-1
r6.0||-727,466 7,0 0,12 -27,0 0,-12
r4.0||-834,495 -1,13 -7,0 0,-13
r5.0||-766,617 -6,0 1,-12 5,0
r8.0||-630,677 0,11 -14,0 0,-6 3,0 0,-5
r5.0||-751,536 0,6 -10,1 0,-7
r5.0||-837,610 0,11 -19,-1 0,-10
r4.0||-777,609 1,0 0,8 -6,0 0,-12 5,0
r9.0||-670,575 -1,10 -14,0 2,-10
r4.0||-776,589 -1,13 -5,0 -1,-13
r7.0||-758,638 0,-9 16,0 -1,9
r4.0||-656,463 0,9 -13,0 0,-8
r4.0||-766,667 6,0 1,14 -7,-1
r8.0|German-American Seventh Day Adventist Church|-654,350 11,0 0,11 -30,0 0,2 -7,0 0,-2 -6,-2 -1,34 0,4 3,0 30,0 0,11 -41,0 0,-5 -2,0 -1,-5 1,-43 1,0 0,-5 8,0 1,2 0,-2
r9.0||-668,671 0,11 -19,0 0,-10
r7.0||-754,454 16,-1 0,9 -17,-1
r7.0||-754,375 0,20 -5,0 0,-5 -4,0 0,-15
r5.0||-766,602 -5,0 -2,-12 7,0
r9.0||-834,280 0,23 -13,1 0,-24
r4.0||-783,576 5,0 2,13 -7,0
r3.0||-699,683 5,0 1,10 -6,2
r5.0||-661,430 0,14 -8,0 0,-14
r10.0||-721,498 0,12 -3,0 0,5 1,2 2,0 0,15 -21,-1 -1,-8 -7,-1 1,-3 -1,-20 13,0 0,24 7,2 0,-6 -3,0 0,-6 4,0 -2,-1 0,-14
r6.0||-822,672 2,0 -2,6 -9,0 0,-9 9,0
r7.0||-742,613 0,12 -16,-2 0,-10
r4.0||-662,348 -9,0 0,-12 9,0
r7.0||-839,644 -16,1 0,-11 16,1
r6.0||-839,606 -1,3 -16,0 0,-11 17,1
r6.0||-747,481 26,-1 0,9 -32,1 0,-9
r8.0||-683,632 0,-4 -10,0 0,-6 23,1 0,9
r5.0||-754,546 0,6 -9,0 0,-6
r5.0||-724,548 2,0 0,5 -11,0 0,-7 4,0 0,-2 5,0
r6.0||-813,375 2,0 0,11 -8,0 0,-11 6,-1
r7.0||-811,413 -8,-1 0,-13 8,-2
r9.0||-724,373 0,10 -17,1 0,-11
r5.0||-659,318 8,0 0,12 -8,0
r5.0||-833,437 -1,8 -9,-1 2,-7
r4.0||-728,428 0,1 11,-1 0,5 -28,0 0,-5
r4.0||-651,348 -9,1 0,-13 9,0
r4.0||-640,349 -9,-1 0,-12 3,-1 6,1
r7.0||-742,588 0,10 -16,-1 0,-2 -2,0 2,-7
r7.0||-815,699 0,-20 12,-1 1,21
r4.0||-671,318 9,0 0,12 -3,1 -6,-1
r6.0||-745,695 0,2 3,0 -2,8 -16,0 0,-10
r6.0||-854,694 0,-4 -3,0 0,-7 16,0 2,11
r5.0||-799,574 5,0 0,12 -5,0
r8.0||-626,602 0,11 -18,0 0,-11
r4.0||-674,475 0,7 -7,0 0,-7
r4.0||-700,667 -5,0 2,-4 -3,0 0,-9 6,0
r4.0||-673,348 -4,0 1,-13 3,1
r5.0||-700,587 -7,0 0,-12 7,0
r5.0||-683,475 0,7 -7,0 0,-7
r6.0||-692,695 -1,5 2,0 -2,6 -6,0 0,-11
r4.0||-672,486 0,7 -8,0 0,-7
r5.0||-648,319 8,0 0,12 -3,1 -6,-1
r6.0||-831,669 0,-9 9,0 0,2 2,0 -2,7
o5.0|ampm|-604,316 -16,0 0,2 -3,0 0,-12 3,0 0,-6 13,0 4,3
r7.0||-699,624 0,-2 5,0 1,12 -6,0
r7.0||487,-530 -6,7 -16,-6 2,-5 4,2 3,-5
u4.0||239,-344 2,-1 16,10 -4,8 -17,-10
r7.0||400,-508 -19,-12 4,-6 19,11
c5.0||601,-406 13,-22 13,7 -12,23
u4.0||253,-327 -6,8 -16,-8 4,-9
r7.0||485,-554 -6,-3 13,-22 5,3
r8.0||431,-508 -1,1 37,20 -5,10 -45,-24 6,-11
r5.0||408,-516 3,-6 8,3 -3,7
r10.0||457,-590 -7,16 -4,-2 2,-4 -5,-5 4,-10
r10.0||423,-562 -15,-8 5,-10 16,8
r8.0||438,-572 -6,-4 5,-8 6,3
r10.0||486,-553 10,-20 8,4 -10,20
r13.0||188,-639 -7,14 -16,-8 4,-6 -3,-2 -3,7 -16,-8 0,-18 23,12 -3,6 2,1 4,-6
r8.0||379,-472 1,-2 10,8 -7,13 -11,-6
r7.0||608,-516 -15,26 -1,-1 -1,3 -3,-2 1,-1 -3,0 1,-2 -4,-2 14,-27
r12.0|Nupac Apartments|441,-611 6,4 -16,30 -2,-1 1,-2 -17,-9 6,-10 13,5 -4,-2 2,-4 4,2 1,-1 -13,-7 5,-11
c7.0||612,-391 -10,16 -48,-25 1,-3 -30,-16 32,-59 19,11 -2,5 -13,-7 -11,22 2,2 -3,4 -2,-1 -12,22 31,16 1,-2 5,3 -1,2 27,15 5,-10
r11.0||377,-512 27,12 -4,7 -26,-13
u6.0||240,-426 27,14 -9,16 -2,-1 -1,2 -5,-3 1,-2 -34,-18 8,-16
u4.0||259,-363 -9,17 -8,-4 9,-17
u4.0||282,-394 -10,18 -8,-4 10,-18
u5.0||275,-401 10,-19 8,5 -10,18
u4.0||291,-389 -10,18 -8,-4 10,-19
u5.0||269,-364 -10,-5 5,-8 9,5
u6.0||298,-442 -7,13 -7,-4 6,-13
r7.0||399,-445 -9,-5 15,-28 9,5
u4.0||277,-353 -4,8 -17,-9 4,-8
u4.0||273,-344 -4,8 -18,-10 5,-7
u5.0||285,-368 -6,11 -6,-3 6,-11
u5.0||304,-426 -7,-4 11,-20 7,3
c6.0||595,-430 -4,9 -26,-14 4,-9
u5.0||302,-411 -10,19 -8,-4 10,-19
r8.0||370,-459 -8,-4 8,-16 8,4
r12.0||483,-512 -4,8 -29,-16 6,-11 29,15
u10.0||198,-362 1,4 5,3 4,-3 2,3 -3,2 12,6 -6,13 -9,-5 0,2 -1,-3 -6,-3 0,2 -7,-5 6,-11 -2,-5 -10,-4 4,-8 -2,-1 1,-2 2,1 6,-11 -2,-1 6,-7 12,7
r6.0||371,-496 3,-8 12,6 -5,8
r8.0||359,-464 -9,-5 8,-16 10,5
u5.0||234,-347 -8,17 -7,-4 9,-17 7,3
r5.0||392,-481 -10,-5 5,-6 9,5
o7.0||642,-453 -13,25 -50,-27 5,-10 42,22 3,1 1,-3 -59,-31 -13,-5 7,-12
r8.0||465,-571 -9,-5 10,-18 9,5
r7.0||496,-535 -15,-8 5,-8 8,4 14,-27 7,4
r6.0||405,-522 -3,-1 -1,2 -13,-7 2,-4 -2,-1 3,-5 17,9
r6.0||473,-493 -34,-17 6,-9 33,17
r5.0||458,-552 -5,-2 6,-12 5,3
r5.0||453,-571 6,1 -5,10 -5,-3
c7.0||808,-608 -10,19 -18,-9 -2,4 -14,-7 13,-24
c7.0|Panda Express|768,-583 -7,12 -13,-6 -1,-3 7,-10
o10.0|Student Housing|474,-699 -15,-9 12,-24 6,3 2,-2 2,1 1,4 5,3
o9.0|Pi Kappa Alpha  Fraternity|591,-664 2,0 -1,2 21,11 -10,21 -6,-3 4,-10 -12,-7 -8,16 -11,-6 14,-27
o10.0|Zeta Beta Tau Fraternity|417,-744 -7,-4 -1,1 7,4 -6,12 -21,-11 2,-4 3,1 3,-6 -2,-3 5,-8 20,11
o14.0|Gamma Epsilon Omega Fraternity|643,-598 -3,6 -15,-9 9,-18 3,1 5,-10 3,3 4,-7 4,1 11,7 -8,20 -2,1 -6,-3 1,-1 -3,-2 -1,3 2,1
o9.0|Sigma Nu Fraternity|553,-686 25,13 -3,6 -7,-2 -9,16 -6,-2 0,-1 -12,-7
o12.0|Sigma Phi Delta Fraternity|369,-673 3,-6 4,2 1,-2 -2,-1 8,-15 7,4 -1,3 5,3 -11,19
c7.0|Senior Strong|506,-709 10,5 -2,5 14,8 -4,8 -9,-5 -2,2 -5,-2 -10,19 -10,-5
r9.0|The Spot|477,-615 -16,-8 5,-10 4,2 14,-25 -5,-2 4,-9 17,9 -3,6 -1,-1
o11.0|Delta Tau Delta Fraternity|427,-749 1,-1 4,3 -1,1 10,6 -5,11 -7,-3 -4,8 -4,-2 -5,7 -5,-3 0,-2 12,-27
o11.0|Zeta Beta Tau Fraternity|530,-690 3,-4 4,2 3,-1 2,4 5,2 -10,17 -5,-3 -2,3 7,4 -8,14 -15,-8
c7.0||775,-510 -1,-2 2,1 1,-3 32,18 3,-7 5,3 -5,11
c4.0||694,-305 2,1 3,-6 14,8 -8,15 -16,-9
r10.0||540,-609 -8,13 -11,-6 7,-13
c5.0||705,-287 -3,7 -20,-10 -1,2 -19,-10 5,-9
r5.0||581,-566 -3,6 -4,-2 4,-9 5,3
r7.0||572,-597 -7,12 -9,-4 4,-10 1,0 2,-3
r5.0||585,-556 -4,-3 4,-8 5,2
c12.0||691,-541 -40,-22 11,-20 -6,-3 24,-43 17,9 -23,43 3,6 23,13
r7.0||541,-598 7,-12 8,4 -3,10 -1,-1 -2,4
r4.0||428,-697 -6,12 -6,-3 3,-13
r12.0||520,-611 -5,5 -13,-7 6,-10 4,2 2,-4 10,5
r4.0||625,-545 -3,8 -9,-5 0,-3 4,-4
r4.0||609,-568 4,-7 8,5 -1,2 1,1 -4,4
r5.0||628,-570 0,-2 3,-5 8,5 -3,7
r4.0||615,-559 -2,5 -9,-5 4,-6 8,3
r4.0||625,-577 -1,3 -2,2 -9,-5 6,-6 6,3
r5.0||405,-655 -7,-4 14,-28 8,4
o4.0|Jack in the Box|671,-519 -14,-8 -1,2 -3,-1 1,-3 -9,-5 5,-9 5,3 4,0 0,-1 17,11
c8.0||728,-545 11,-17 24,13 -10,17 -20,-11 -1,2 -4,-2
r5.0||610,-549 -2,4 -9,-4 4,-7 8,3
r11.0||689,-339 12,5 1,2 -10,14 -10,-7
r4.0||623,-560 0,-3 3,-4 8,4 -3,7
r4.0||618,-551 0,-2 4,-5 8,4 -3,8
r8.0||515,-631 -2,-2 9,-13 5,2 2,2 -2,5 7,4 -5,8
r9.0||598,-577 8,-14 5,3 -1,2 2,-1 3,2 -6,14
r14.0||768,-499 -1,-1 5,-7 29,16 1,-1 8,4 -2,6 -5,8 -7,-3 1,-2 -31,-15
r4.0||641,-584 -4,4 5,3 -1,3 -9,-3 -9,-6 4,-8
r7.0||574,-600 -22,-10 0,-1 -3,-2 4,-9 5,1 20,13
r7.0||555,-629 -10,16 -3,-2 -1,-3 6,-9 -11,-6 2,-5
r8.0||495,-643 17,7 -4,10 -11,-6 -11,17 -6,-2 7,-11 2,1 1,-2 -2,-1
o4.0||601,-628 -2,5 -16,-9 2,-4
c5.0||680,-389 -6,10 -23,-12 5,-10
c7.0||661,-201 -4,8 -31,-17 4,-8
o7.0||406,-700 -13,-7 4,-6 12,7
c4.0||697,-460 -4,-2 5,-10 4,3
r4.0||583,-615 -2,5 -27,-14 3,-5
r10.0||572,-564 -11,-6 22,-42 11,6
c4.0||634,-199 5,3 -3,7 -6,-3
c5.0||797,-461 -2,0 -22,-11 6,-11 23,12
r5.0||411,-687 -2,3 -1,0 -13,24 -7,-4 15,-28
c5.0||626,-210 -33,-17 4,-9 33,18
r4.0||410,-706 7,4 -8,10 -5,-3
r7.0||611,-600 11,6 -3,6 -11,-6
r7.0||674,-304 2,-5 14,7 -2,3 2,1 -1,2
c6.0||722,-439 -14,-8 4,-8 5,-2 11,6
r5.0||595,-575 -4,9 -5,-3 5,-8
r5.0||596,-576 -5,-2 5,-9 5,2
c4.0||717,-509 10,-20 20,10 -2,3 3,1 -9,17
o12.0||622,-606 -9,-5 4,-6 -8,-4 11,-21 -2,-1 6,-10 18,10
c5.0||715,-427 -7,13 -37,-20 7,-13
r6.0||601,-586 -12,-6 5,-8 11,6
c6.0||591,-222 7,4 -9,17 -7,-3 2,-4 -8,-4 7,-14
r5.0||592,-586 -3,6 -5,-2 5,-9 5,3
r5.0||587,-576 -3,6 -5,-2 4,-9 5,3
o14.0|Wallis Annenberg Building for Science Learning and Innovation|132,339 27,0 0,86 -65,0 -1,-86
r8.0||-704,-80 0,21 -12,0 0,-21
r5.0||-808,219 3,1 -2,8 -13,0 0,-3 -2,0 0,-6
r6.0||-750,-148 8,-1 -1,15 -7,0
r8.0||-766,131 0,5 -11,0 0,-9 11,0
r10.0||-736,-22 0,15 -3,0 0,4 -9,0 1,-19
r5.0||-737,150 1,0 1,5 -4,0 0,3 -8,0 0,-16 10,0
r4.0||-823,217 0,-6 14,0 -1,6
r5.0||-661,-106 -1,-11 11,-1 0,10
r14.0||-643,54 -32,0 0,-19 32,-1
r7.0||-686,-81 8,-1 0,8 3,0 0,17 -11,0
r5.0||-640,198 -6,0 0,-15 6,0
r5.0||-654,183 6,0 0,14 -6,0
r8.0||-706,103 -1,3 -10,-2 0,-19 7,0 0,2 4,0
r10.0||-746,-71 0,12 -11,-2 0,-10 1,0 0,-3 10,0
r9.0||-759,55 -4,-1 0,-23 12,1 0,23
r8.0||-763,-60 -12,1 -2,-19 11,-1 1,10 2,0
r7.0||-672,-89 -1,2 -7,0 -1,-14 9,2
r5.0||-797,-3 2,1 0,8 -7,0 0,-8
r6.0||-679,163 -8,1 1,-15 7,0
r5.0||-708,122 -9,0 0,-13 9,0
r10.0||-706,-6 -11,0 0,-16 10,-1
r6.0||-781,205 -12,-2 1,-12 6,0 1,3 4,-1
r9.0||-818,54 -4,-1 0,-15 10,0 0,16
r7.0||-808,-140 0,19 -9,0 0,9 -4,0 0,-19 8,-1 0,-8
r6.0||-671,86 10,-1 2,16 -2,0 0,5 -10,0
r6.0||-640,210 -14,-2 1,-10 4,0 0,2 9,-1
r15.0||-641,-22 34,1 -1,14 1,0 0,5 -36,1 0,-21
r6.0||-715,-108 -1,-11 21,2 -1,10
r8.0||-704,4 0,-26 12,0 0,26 2,0 0,10 -14,1
r9.0||-689,101 -13,0 0,-13 3,0 0,-3 6,0 0,2 4,0
r11.0||-724,53 -6,1 -1,-1 0,-14 11,0 0,14
r7.0||-778,193 11,-2 -1,21 -3,2 0,5 -6,0
r7.0||-705,150 1,0 -1,8 -8,0 0,-2 -3,0 0,-18 11,0
r11.0||-701,-58 1,-15 2,0 0,-2 6,0 1,4 0,13
o10.0||-702,40 4,0 0,-3 6,0 0,3 2,0 -1,15 -11,0
r4.0||-821,-108 1,-4 4,-2 7,2 0,10 -12,1
r10.0||-797,-88 3,27 -11,1 -1,-28
r5.0||-784,225 1,8 2,0 -2,6 -9,-2 0,-10 1,-2
r8.0||-824,-22 10,-1 -1,7 3,0 0,3 -3,0 0,2 2,0 0,4 -6,0 0,-3 -5,0
r8.0||-679,83 4,1 0,25 -11,1 0,-27
r8.0||-701,147 3,-2 -1,-6 9,0 0,17 -11,-1
r5.0||-661,108 2,9 -11,1 0,-10
r10.0||-766,-7 -3,0 0,6 -9,0 0,-21 9,0 0,6 3,0
r10.0||-766,108 -12,0 1,-20 8,0 0,10 3,0
r5.0||-677,146 0,-9 -2,0 0,6 -5,1 -2,-1 -1,-9 15,-1 0,13
r15.0||-643,-1 -2,0 0,-5 -3,0 0,3 -32,-1 0,-18 35,-2 0,2 2,0
r4.0||-779,14 -15,0 0,-7 9,-1 0,2 6,0
r5.0||-806,134 6,0 0,2 -2,0 0,4 5,0 0,3 2,0 0,12 -2,0 0,2 -7,-2 0,-14 -3,-1
r14.0||-638,34 0,5 3,0 0,-4 32,2 0,19 -34,0 0,-2 -6,0 0,-20
r10.0||-750,-6 -9,0 0,4 -3,0 1,-20 9,0 -1,3 2,0
r12.0||-805,-148 11,-1 0,44 -8,0 -1,-3 -2,0
r10.0||-782,0 -7,1 0,-7 -1,2 -3,0 0,-19 10,1
r10.0||-734,27 -2,26 -8,1 0,-1 -3,0 0,-11 1,-1 5,0 1,1 -2,-15
r15.0||-589,126 -2,2 -18,1 0,-29 -6,1 0,4 -24,0 2,-5 -2,-13 28,1 0,-1 3,0 0,1 12,0 1,15 6,0
r5.0||-748,123 0,10 -7,0 0,-10
r7.0||-736,102 -8,0 0,-14 8,0
r4.0||-818,142 -6,0 0,-9 6,0
r7.0||-726,-71 8,0 0,14 -8,0
r4.0||-811,6 0,7 -13,0 0,-7
r4.0||-818,162 -6,0 0,-8 6,0
r5.0||-807,126 0,5 -17,0 0,-5
r8.0||-646,88 0,15 -10,0 0,-15
r11.0||-744,-105 -13,0 0,-23 13,0
o4.0||-818,152 -6,0 0,-9 6,0
r4.0||-814,133 6,0 0,9 -6,0
r7.0||-750,-136 -6,-1 0,-10 6,0
r4.0||-808,152 -6,0 0,-9 6,0
r5.0||-610,9 0,17 -17,0 0,-18
r8.0||-782,141 0,17 -11,0 0,-17
o4.0||-599,-122 -7,0 0,-7 7,0
r5.0||-756,133 -7,1 0,-11 7,0
r9.0||-799,-23 0,13 -9,1 0,-14
r4.0||-764,226 0,12 -11,0 0,-12
r10.0||-733,-7 0,-14 12,0 0,14
y16.0|Masjid Omar ibn Al-Khattab|-674,214 49,0 0,22 -31,-1 0,-2 -18,0
r9.0||-715,34 11,0 0,20 -4,0 0,2 -7,0
r5.0||-805,37 9,0 0,19 -7,0 0,-6 -2,0
r7.0||-652,-151 0,17 -5,0 0,3 -4,0 0,-20
r3.0||-695,-84 8,0 1,6 -9,0
r6.0||-819,231 19,-1 0,7 -19,-1
r7.0||-644,128 -12,0 0,-19 10,0
r5.0||-655,-98 7,0 0,4 -2,0 -1,6 -4,0
r3.0||-793,213 0,6 -15,-1 0,-5
r7.0||-718,-126 0,9 -8,0 -1,-9
r7.0||-727,-153 9,1 0,26 -9,0
r7.0||-811,201 -12,1 1,-18 10,0
r7.0||-721,104 -3,0 0,2 -4,0 0,-2 -2,0 0,-16 9,0
r8.0||-777,141 11,0 0,14 -4,2 -7,-1
r8.0||-731,-107 -10,0 0,-48 11,0
r6.0||-668,149 0,-5 9,0 0,17 -9,0
r9.0||-810,85 0,24 -7,0 1,-6 -7,0 0,-19
r4.0||-749,19 0,6 -8,0 0,-6
r6.0||-811,27 0,9 -8,-1 -2,-2 0,-6
r5.0||-696,109 7,-2 1,13 -8,0
r7.0||-637,138 0,24 -12,0 0,-24
r3.0||-799,230 -2,-1 0,-10 7,0 0,10
r7.0||-623,184 0,23 -12,0 0,-23
r6.0||-696,-123 -12,0 0,-14 12,1
r8.0||-780,-79 0,20 -11,0 -1,-18 1,-2
r8.0||-719,-85 1,0 0,10 -9,0 0,-24 8,0
r5.0||-734,123 0,11 -13,0 0,-11
r9.0||-655,-59 1,-18 11,0 0,18
r9.0||-658,-59 -11,0 1,-17 9,0
r4.0||-656,-81 -6,2 -1,-12 7,1
r5.0||-669,132 0,-4 3,0 0,-4 8,-2 0,10
r4.0||-659,133 0,6 -12,0 0,-6
r4.0||-823,210 0,-7 13,0 0,2 1,0 -1,5
r8.0||-807,191 11,0 0,17 -8,0 -2,-1
r6.0||-673,205 -9,0 1,-19 8,0
r9.0||-761,142 12,1 0,15 -3,0 0,3 -6,0 0,-2 -3,0
r6.0||-743,-97 0,11 -15,0 -1,-11
o7.0||-491,-466 0,-4 13,0 0,4
o8.0|Alpha Gamma Omega Fraternity|348,-721 -16,30 -14,-7 8,-17 6,3 5,-14
o13.0|Alpha Phi Sorority|640,-715 -11,21 -1,1 -4,-2 -3,2 -3,-1 1,-3 -4,-2 2,-5 16,-29 13,7
o14.0|Alpha Rho Chi Fraternity|516,-759 -3,-2 -2,4 -4,-2 -1,3 -4,-2 1,-3 -4,-2 9,-16 11,7 -4,7 3,2
o6.0|Beta Theta Pi Fraternity|529,-745 8,4 11,-20 10,6 -12,21 -3,-1 -2,4 -5,-2 -20,-13 12,-21 10,5
o13.0|Delta Gamma Sorority|627,-686 21,-39 18,9 -21,39
o13.0|Kappa Alpha Theta Sorority|580,-711 -4,-2 2,-4 7,-15 2,1 7,-13 3,2 1,-3 10,5 -18,34 -4,1
o11.0|Pi Beta Phi Sorority|560,-754 8,4 -4,7 6,3 5,-8 7,3 -15,29 -5,-2 1,-3 -11,-6 -1,3 -5,-3
o10.0|Tau Kappa Epsilon Fraternity-West|666,-666 -9,-4 3,-4 -11,-4 7,-13 19,8
o12.0|Tau Kappa Epsilon Fraternity-East|685,-655 -16,-9 1,-2 13,-22 8,4 5,-7 7,3
o5.0|FedEx Office|747,-680 2,-4 -6,-3 5,-8 6,3 1,-4 14,7 -8,17
o10.0||296,-730 5,2 1,-1 4,2 -6,13 -11,-6 6,-10
r13.0||233,-774 -12,22 -8,-5 0,-2 -5,-1 20,-37 12,6 -1,2 1,1
r6.0|The Spot|282,-757 -13,25 -2,-1 -3,4 -7,-3 17,-36 5,3 3,-7 8,5 -6,11
o5.0||720,-656 8,2 9,5 2,3 -7,12 -7,-2 -12,-7
c8.0||777,-703 -26,-14 8,-16 26,14
r3.0||333,-728 -2,4 -15,-7 2,-5
r9.0||285,-750 6,-11 7,3 -1,2 4,3 -5,9
r8.0||315,-701 0,2 -12,-6 10,-19 12,5
r9.0||274,-728 5,-9 9,5 -6,9
o6.0||320,-745 -4,8 -5,-2 -3,6 -5,-2 7,-15
o7.0||-410,640 1,22 -7,0 -1,-11 -5,0 0,-11
c16.0|County of Los Angeles - Department of Public Social Services|-638,431 32,0 0,4 9,0 0,12 15,0 -1,85 -14,0 0,14 -24,0 0,-42 -18,0
o7.0|Child Care Center|-653,459 0,-27 15,1 0,26
o7.0||65,77 -6,12 -15,-7 7,-12
u5.0|UV One|112,-734 0,61 -42,0 0,-61
p23.0|USC Shrine Parking Structure|377,-228 80,-150 32,17 -80,149
u5.0|University of Southern California Hillel Foundation|182,-449 14,6 -5,10 2,1 -8,15 -2,-1 -3,6 0,-2 -9,-5 -1,-15 4,2 -1,2 2,1 2,-4 -3,-1
o12.0|SSCI Building|251,-157 26,13 -7,13 -25,-14
o14.0||-5,824 30,8 1,41 -7,0 0,2 -31,0 -2,-7 -12,3 -5,-17
s28.0||173,805 21,-4 8,-5 10,30 4,23 0,25 -3,33 -5,19 -5,12 -7,-5 -8,-4 -16,-2
o10.0||-590,724 0,3 5,2 -1,73 -3,0 0,5 -13,1 -1,-28 -17,0 -1,-31 19,0 -1,-24
r13.0||-825,283 0,-4 100,-1 0,19 -67,1 0,13 62,-1 0,11 5,0 0,31 -100,1 0,-5 -3,0 0,-64
o10.0||-382,839 40,-1 0,21 -40,0
o7.0||-261,869 -14,0 1,-9 13,1
o7.0||-383,817 -15,-14 5,-6 15,15
o7.0||-205,529 7,0 0,15 -7,0
o7.0||-62,635 6,-4 11,15 -7,5
o7.0||-63,636 11,15 -6,4 -11,-15
o7.0||-74,807 8,-13 6,4 -8,13
o7.0|Gate 1|-76,823 6,7 -18,16 -6,-6
o7.0|Gate 4|-187,876 0,-10 26,-1 1,9
o7.0||207,-710 -5,-3 3,-7 5,2
o7.0||-794,-688 1,10 -11,0 0,-10
o7.0||-637,-734 0,-8 12,0 0,7
r6.5||-779,57 -1,-19 12,0 1,19
r6.5||-779,35 0,-8 11,1 0,7
o7.0||-748,10 -1,-11 11,0 1,13
o7.0||-822,-94 11,1 0,13 -11,0
o7.0||-823,-76 12,0 0,21 -12,1
o7.0||-742,-97 9,0 0,18 -9,0
o7.0||-740,-74 8,0 0,21 -8,0
o7.0||-792,85 8,0 1,33 -9,0
o7.0||-810,85 10,0 1,33 -10,0
o7.0||-763,84 11,0 0,25 -11,0
o7.0||-763,113 6,0 0,4 6,0 0,4 -12,0
o7.0||-733,127 12,0 0,15 -13,0
o7.0||-733,152 11,0 0,9 -11,0
o7.0||-764,184 3,0 0,8 8,0 1,36 -9,0 0,3 -3,0
o7.0||-775,-116 12,0 0,12 -12,0
o7.0||-775,-147 12,0 0,27 -12,0
o7.0||-793,-145 13,0 0,27 -13,0
o7.0||-793,-115 12,0 0,12 -12,0
o7.0||-743,-215 13,0 0,38 -12,0
o7.0||-726,-263 6,0 0,1 2,0 0,37 -8,0
o7.0||-710,-235 12,0 0,11 -12,0
o7.0||-694,-235 12,-1 0,12 -12,0
o7.0||-696,-249 15,-1 0,12 -14,0
o7.0||-695,-264 14,0 0,11 -14,0
o7.0||-694,-149 11,-1 0,13 -10,0
o7.0||-677,-150 10,0 1,13 -11,0
o7.0||-677,-133 11,-1 0,13 -11,0
o7.0||-694,-133 11,0 0,12 -10,0
o7.0||-693,-117 11,0 0,10 -11,0
o7.0||-678,-117 12,0 0,10 -12,0
o19.0|The Lucas Museum of Narrative Art|-520,560 -12,-47 -1,-29 6,-30 5,-11 0,-4 6,-6 11,-3 11,4 4,5 -1,3 3,7 12,24 8,21 3,18 -1,17 -10,28 0,13 11,35 -3,19 -13,14 -10,3 -11,1 -8,-1 -10,-6 -15,-35 3,-16 7,-6 4,-7
r25.0|The 505|731,-349 -35,-19 13,-25 13,8 8,-14 22,12
o7.0|Gate 28|-119,602 4,-8 29,15 -4,8
o7.0|Gate 23|-211,582 0,9 -32,0 0,-9
o7.0|Gate 19|-340,596 -29,15 -4,-9 29,-14 13,3 -2,7
o7.0|Gate 14|-412,767 2,5 -8,3 0,-8
o7.0||-428,662 19,0 0,16 -19,1
p14.0||-742,770 0,8 -8,0 0,-8
o7.0||-656,183 0,22 -14,0 1,-17 1,0 0,-6
o7.0||-159,-721 0,4 3,0 0,9 -13,0 0,-13
o7.0||-372,-716 0,11 -12,0 0,-11
o7.0||-418,-717 0,11 -12,-1 0,-10
r6.5||-767,21 -1,7 -11,-1 0,-6
o14.0||629,-162 -4,8 6,3 -23,42 -86,-44 18,-33 16,8 6,-10 26,14 4,-8
o14.0||258,547 37,1 -1,56 -37,0
o14.0||312,744 -1,51 36,0 -1,57 -5,0 -1,64 -5,24 -16,1 1,-24 -7,0 1,25 -8,0 -1,19 -41,0 0,-20 14,-1 1,8 15,0 -1,-23 -10,0 0,8 -20,0 0,-90 32,-1 0,-29 -13,0 1,23 -21,2 -1,-44 30,-1 0,-28 -15,-1 1,5 -16,-2 1,-12 3,0 0,-11
##R
7|-606,174 -726,-1 -46,5 -238,-1
7|803,-719 -342,-181
7|-564,816 -801,0
5|186,451 -386,1
7|-733,564 -1,151
7|-769,-727 -202,1
5|-338,272 5,-21
7|-831,-159 -3,119
7|743,-607 -563,-299 -34,-17 -14,0
7|398,-790 -64,117
7|-563,715 -802,0
7|-567,-695 -202,1
11|614,279 -2,-18 -4,-10 -19,-12 -150,2
7|527,-574 -89,170
5|-5,762 225,3 6,1 16,15
7|726,-575 109,59
7|-437,273 0,297
5|92,688 -95,0
7|-624,-40 -1544,-2
7|614,279 3,-27 -9,-27
7|822,-274 -45,109 -5,21 -59,111
7|-261,-862 -2,315
7|881,773 -377,-201
7|-710,364 -653,-1
7|-564,417 -146,0
7|-568,71 -1600,-3
7|931,683 -211,-115
7|350,537 3,4 0,206 -6,142
7|-710,268 1,296
7|-656,565 -3,9 1,141
7|766,212 -129,-69
5|-247,-326 164,86
7|-651,-396 -24,4 -295,-1
7|741,-333 -112,-59
9|657,418 109,-206
8|630,-61 -60,102
8|698,-26 12,-27
7|350,537 -108,-1
8|408,749 -3,21 -4,265
7|771,-658 71,38
11|278,268 34,0 34,10
8|394,462 -22,132 -8,106
8|364,700 -6,174 7,105
5|347,889 -5,106
8|363,857 -10,102
7|38,-753 -4,-4 -18,-1
9|-72,-755 -496,-1
7|637,143 31,-62
11|397,307 -155,229
7|619,405 -31,-4 -33,-10
5|174,764 27,-13 11,-19 29,-4
7|-3,688 -21,-42 -24,-31 -31,-26 -35,-16 -30,-3 -293,0
5|71,322 -1,131
5|241,451 -36,0
14|129,-350 -115,-59
14|-568,-541 15,6 273,-1
8|407,1035 2,-245
8|436,743 17,-108 17,-72 13,-37 25,-47
11|-338,272 425,0
14|-567,520 4,-13 0,-59
9|791,-435 -368,-194 -89,-44
14|129,-350 17,-49 -2,-44
14|278,268 12,-22
9|-567,568 -16,-3 -769,-3
17|1001,-1056 5,121 -1,68 -6,54 -19,74 -26,64 -195,376 -68,161
17|454,544 17,-86 26,-84
17|446,388 -25,94 -13,70 -11,87 -4,75
8|473,280 -6,38 -12,34
8|426,682 12,-95 5,-22 11,-21
5|183,598 -163,1
5|40,763 0,-57
5|40,706 0,-38
5|89,688 0,-29
5|-685,71 0,-53 -880,-4
5|-624,-40 9,9 19,9 -1,64
5|-969,-492 197,2
5|-158,-493 -44,85
17|473,280 -26,66
17|740,-135 94,-224
8|646,-85 -16,24
8|710,-53 30,-82
7|421,825 -2,-44
17|426,682 4,-69 7,-51 24,-112 25,-82
8|691,-138 -21,17 -24,36
8|608,225 -3,-35 14,-38
7|526,219 -27,61 -30,78
5|31,733 1,26 4,7 17,-1 3,-6 3,-91
5|31,688 0,45
5|205,451 -2,-38 -13,-1 -4,9
5|-437,359 81,-3
5|-415,359 0,-44 59,1 0,27 -59,0
14|242,585 0,-49
5|448,-64 -9,-5
5|-385,-66 272,144
7|-834,-40 0,289
7|-769,-891 0,339 -8,159 -2,119
11|158,252 -491,-1
7|-5,762 -26,53 -29,35 -18,14 -68,27 -9,9 -13,20 -3,48
5|160,581 10,-10 7,1
5|35,659 -1,-61
5|105,659 -1,-61
5|122,598 1,61
5|70,659 -1,-61
5|89,598 0,61
5|53,598 0,61
5|140,659 0,-61
5|173,659 0,-61
5|156,598 1,61
11|555,391 59,-112
11|469,771 111,57
8|222,271 12,12 4,60
7|250,333 97,52
7|564,-266 110,61
17|392,763 1,272
17|435,780 1,-37
7|419,781 -1,-45
17|415,1035 5,-148
7|418,691 1,-74 9,-78 12,-62 33,-116
17|422,781 1,-43
17|436,743 7,-121 11,-78
17|497,374 63,-155
17|423,738 3,-56
17|486,368 59,-149
17|393,726 -1,37
7|473,361 30,-80 28,-62
7|469,358 -27,90 -24,101 -25,165
8|380,759 -10,25 -7,73
17|380,759 -1,277
17|447,346 -44,137 -15,112 -7,91
7|-72,-755 29,5 8,12 1,17
7|555,391 88,53
5|-327,764 -46,5 -22,9 -18,13
5|-418,880 -1,-69 0,-10 6,-10
5|-272,1059 -3,-16 -1,-156 -3,-5 -35,-13 -27,-4 -49,0 -35,18 -12,2
5|318,777 35,0
5|243,878 15,0
5|243,842 54,-4
5|242,769 16,0
5|242,810 18,0
5|274,728 0,15
5|243,894 16,0
5|241,728 -29,-11 -13,-24 -16,-7
5|136,688 -32,-6 -12,6
5|136,688 -18,6 -17,0 -9,-6
7|-568,-278 -172,0 -365,38 -1343,-5 -337,2
17|722,-161 -45,91
7|-567,-640 -110,-1
14|609,-354 38,-72
14|241,364 9,-31
14|761,-641 72,-137
7|-779,-274 1,111
5|-834,122 -530,0
17|664,-44 -39,73
5|-473,100 169,90
11|724,-27 -111,-57
17|421,825 1,-44
17|625,29 -109,191
17|614,67 57,-107
17|393,714 0,12
5|409,21 -113,-58 -3,7
7|907,-81 -133,-72
5|-921,875 299,-1 0,-58
5|-777,-332 -195,-1
5|711,-696 -280,-149
5|-971,-673 202,-1
5|468,-605 -85,160
5|74,-752 1,-109
5|649,-583 -282,-151
5|-971,-591 202,-1
5|-510,-862 1,165
5|-820,-674 1,82
5|-35,-697 -29,-3
5|619,-526 122,-226
5|684,-363 53,-100
5|-385,-66 -125,-67
14|-567,-640 -1,-222
14|-153,-503 -69,-34 -41,-10
7|-158,-493 5,-10
14|123,-340 121,65
5|20,658 173,1 1,-50
5|-262,-647 -45,-1
11|755,504 -175,324
14|-568,71 5,-8 1,-141 -6,-7
11|-1269,-544 619,3
11|-1137,268 480,1
11|637,-130 -24,46
11|791,-435 -154,305
11|613,-84 -146,271
11|788,7 -18,-10
11|770,-3 -46,-24
11|783,451 -14,27
14|710,-544 4,-8
14|682,-492 28,-52
14|726,-575 17,-32
14|660,-450 7,-14
14|-568,-85 0,-76
14|-568,-462 0,-35
14|-568,-600 0,-16
14|-568,-497 0,-44
14|-568,-557 0,-43
14|-568,-161 0,-61
14|-568,-616 1,-24
14|-568,-222 0,-20
14|-568,-541 0,-16
14|-568,-242 0,-36
14|-568,-85 -7,7 0,138 7,11
14|-569,107 -4,11 0,39 6,6
14|-568,-278 6,-13 1,-86 0,-76 -7,-9
14|-568,-462 -5,8 -1,163 6,13
14|544,-229 20,-37
14|498,-144 -42,77
14|578,-295 15,-28
14|255,308 23,-40
14|409,21 -22,42
14|498,-144 28,-53
14|564,-266 8,-17
14|572,-283 6,-12
14|320,189 -30,57
14|255,308 -8,6 -9,29
14|456,-67 -8,3
14|409,21 10,-9 38,-72 -1,-7
14|343,145 10,-7 32,-60 2,-15
14|387,63 -11,10 -19,35 -13,26 -1,11
14|144,-443 -7,-58
14|132,-810 -1,58
14|132,-544 -1,-72
14|131,-686 0,-66
14|131,-616 0,-70
14|-569,107 1,-36
14|-568,330 0,-60
14|-563,448 -1,-31
14|-568,249 0,21
14|-564,417 0,-78 -4,-9
14|-568,249 1,-86
14|-567,568 0,-48
14|-567,163 5,-6 0,-40 -7,-10
14|-568,330 -5,10 0,168 6,12
11|-505,251 -63,-2
11|290,246 -72,7
11|-437,251 -39,0
11|-657,269 89,1
11|-476,251 -29,0
11|218,253 -60,-1
11|87,272 32,0
11|193,271 18,0
11|-380,251 -57,0
11|-392,273 54,-1
11|394,242 -104,4
11|-568,270 131,3
11|119,272 38,0
11|222,271 56,-3
11|-568,249 -547,-2
11|467,187 -28,54
11|439,241 -42,66
11|346,278 27,15
11|373,293 24,14
11|428,323 127,68
8|520,138 -39,71
8|508,479 47,-88
8|570,41 -50,97
8|428,323 -34,139
8|481,209 -13,16 -29,16
14|63,-371 60,31
14|323,-247 -39,-20
14|-89,-468 -64,-35
11|542,-121 -14,-7
11|528,-128 -30,-16
11|-650,-541 82,0
14|426,-183 72,39
14|418,-187 8,4
14|244,-275 35,18
14|-474,-549 -40,0
11|578,-102 -36,-19
11|613,-84 -35,-18
14|-219,-525 61,32
14|-158,-493 221,122
14|-514,-549 -39,1 -15,7
14|279,-257 122,66 14,3
14|418,-187 -10,-13
11|764,739 -62,118
11|702,857 -15,28
11|671,914 16,-29
11|776,717 -12,22
11|769,478 -14,26
14|241,728 -1,-67
14|240,654 2,-69
14|242,536 0,-30
14|242,506 -1,-15
14|241,451 0,-87
14|240,654 0,7
14|242,804 0,-23
14|244,970 -2,-151
17|429,967 6,-187
14|-563,715 -1,-99
14|-564,816 1,-69
14|-563,747 0,-32
14|-563,941 -1,-91
14|-564,850 0,-34
14|-564,616 0,-39 -3,-9
14|-567,568 -5,7 -1,438
11|274,728 45,0
11|241,728 33,0
11|319,728 34,4
8|409,790 -1,-41
14|241,491 0,-40
14|242,819 0,-9
7|-437,251 0,22
5|-307,197 91,-174
7|608,225 2,-29 27,-53
5|477,118 21,-39
5|385,78 16,9
5|405,241 5,-29
5|336,158 13,7 13,-6 39,-72
5|401,87 35,21 -1,16 -43,81 13,23
11|-437,273 45,0
5|440,271 20,0 -10,26 -20,-8 10,-18
5|-651,-396 18,-9 35,0 4,-3 0,-43
5|-772,-501 18,0 8,-15 89,0
5|-675,-392 1,-30 -19,0 -1,30
5|-591,-360 -65,-1 0,20
5|-769,-574 19,-2 5,-9
5|-640,-640 0,-20
5|-640,-660 0,-15 -33,-1 0,16 33,0
5|694,174 34,-62
5|751,172 14,-26
5|734,129 -14,26
5|765,146 -31,-17
5|708,149 43,23
5|737,-718 51,27
5|753,-746 -16,28
5|749,-655 -35,-19
5|733,-682 11,-21
5|712,-697 60,36
5|694,-633 39,-76
5|718,-559 -21,-11
5|704,-614 5,-11
5|700,-607 12,7 -15,30
5|697,-570 -12,-6 15,-31
5|637,-558 63,33
5|639,-515 -12,22 43,23
5|743,-607 54,30 5,-2 11,-19
5|762,-516 -52,-28
5|735,-464 27,-52
5|705,-505 39,21
5|652,-435 12,7
5|701,-394 -38,-20 6,-11
5|664,-428 42,22
5|682,-347 -12,21 -7,3 -19,35
5|643,-334 20,11
5|590,-252 8,-16
5|666,-291 -24,42 -50,-22
5|657,-360 -51,96
5|645,-366 12,6
5|592,-271 53,-95
5|670,342 -19,-10 18,-34 19,10 -18,34
5|694,349 -22,-11
5|665,272 9,-17
5|618,260 30,3 17,9
5|-637,-105 -1,-59
5|-612,-266 18,1
5|-594,-207 0,-58
5|-568,-222 -45,0
5|-613,-164 1,-114
5|-510,-133 41,-91
5|-568,71 26,-3
5|-620,-138 0,-26
7|284,-267 -5,10
11|211,271 11,0
5|99,-541 33,-3
5|522,82 -113,-61
9|38,-753 -40,3 -16,9 -16,20
7|418,736 0,-45
17|774,-259 92,-204
17|787,-313 -22,50
5|-262,-584 -69,1 -22,-5
5|-65,-633 70,41 23,1
14|14,-409 -103,-59
14|123,-340 6,-10
14|284,-267 -155,-83
11|687,885 -107,-57
9|794,943 -107,-58
11|580,828 -62,116
11|368,736 40,13
9|131,-752 -57,0
14|238,343 3,21
7|740,463 -48,-26
11|408,749 33,11
7|454,808 15,-37
9|469,771 188,-353
7|873,535 -104,-57
11|439,241 -45,1
17|660,-78 -12,26
17|677,-70 -13,26
17|671,-40 13,-26
17|688,-31 14,-26
17|648,-52 -149,273
17|516,220 -26,52 -32,81
7|531,219 83,-152
7|625,29 -99,190
17|545,219 69,-152
17|560,219 50,-106 78,-144
17|684,-66 46,-91
17|730,-157 44,-102
17|765,-263 -43,102
7|333,-459 90,-170
5|408,-200 91,-172
9|334,-673 -136,-71 -31,-7 -36,-1
5|116,-662 -82,2 -5,4 -1,65
9|-35,-697 -11,31 -15,27 -67,91 -25,45
17|702,-57 38,-78
17|691,-138 -31,60
9|766,212 71,-134 11,-26 0,-13
5|-438,-457 -100,2
5|-538,-479 -3,135 47,26 9,-6
5|-550,-267 1,-12 29,-54
5|-821,364 0,8
5|-821,372 -2,75
5|-463,-549 -2,-135 -27,-2 -15,3
5|-567,-640 18,-1 2,-42
5|-507,-683 1,33
5|643,-417 -76,-40 -18,33 77,37
5|607,-436 -16,32
5|520,797 90,-168
7|-437,570 1,486 6,13
5|158,252 -1,20
11|157,272 36,-1
5|-78,864 7,6 10,2 33,-10
5|-274,-8 17,-32 -25,-14 -4,2 -5,14 26,15
5|505,-369 9,-22 -30,-16 8,-14 30,15 -8,15
5|591,-540 -19,43
5|592,-687 -26,50
5|306,-768 61,34
5|270,-235 9,-22
5|298,458 55,29 13,-20
5|279,-257 -14,15 1,7 4,0
5|589,412 -39,71 4,6 0,16 46,20
5|581,427 -14,-7 -8,3 -24,44 18,11
5|-809,564 -2,-92
5|-802,564 1,64
5|-710,496 -43,0
5|-710,492 -47,0
5|-710,484 64,0
5|-49,-411 9,-16
5|-55,-414 6,3
5|-46,-430 -9,16
5|-55,-414 -52,-29 -4,1 -6,10 2,4 65,35 9,-12 -8,-6
5|527,-574 17,-37 -15,-8
5|501,-606 58,29
5|-696,-164 0,14 -14,8 0,18
5|-781,564 1,-36
5|-647,816 -1,-48
5|-782,817 0,-49
5|624,851 16,-29
5|530,656 -21,-12
5|543,632 30,16
5|590,543 -24,-14
5|-710,308 75,-2 3,-14 -4,-5 -51,1 -5,5 0,14
5|-635,306 10,17 57,2
5|-615,269 1,18 17,10 3,12 26,3
5|-614,287 46,0
5|-592,269 0,18
5|-678,-164 0,-38 -7,-10
5|-711,-165 1,-32 -9,-10 1,-12
5|-710,-197 4,-7 0,-11
5|-709,332 67,1
5|-678,-164 0,50
5|-722,817 0,-44
5|251,-285 61,-119 19,9 27,-51
5|269,-275 6,-10
5|275,-285 56,-110
5|592,-687 29,-50
5|-704,175 0,12 -7,0 1,44 18,0 -1,16
5|-172,-756 0,-16
5|-143,-756 0,-16
5|-655,-793 1,38 12,2
5|-339,-755 0,28
5|69,-368 -4,8
5|59,-347 38,21 5,10 17,9
5|683,-783 -26,50 -98,-52 27,-50
5|651,-800 -27,49
5|626,-669 -26,50
5|600,-619 -34,-18
5|-132,67 22,-41
5|-606,174 7,-38
5|-599,145 -29,0
5|586,-543 13,-24
5|-275,-517 32,11 1,4 -4,10 -34,-16
5|-280,-536 0,19 -26,49 -12,0
5|16,-758 0,-37 -45,-1
7|132,-544 40,2 25,9 396,210
5|178,228 -11,5 -9,19
5|266,-235 -10,15 -18,10 -15,27
14|-263,-547 -211,-2
5|63,-752 2,91
5|-202,-408 -271,508
5|-470,-110 -4,8
5|-554,-157 36,24 8,0
5|-550,-267 146,76
5|361,-4 -4,7
5|160,581 9,3 73,1
8|455,352 -9,36
17|458,353 -12,35
5|-683,-40 -1,10
5|-684,-30 0,20
5|-735,175 0,-12
5|-735,163 0,-26
5|-675,175 0,-11
5|-675,164 -1,-16
5|-629,-775 0,24
5|-791,564 0,39 6,6 1,17 10,0 -1,-50 4,-12
5|-656,565 4,-9 3,-39
7|-261,-608 21,-3 0,-57 -22,0
7|-240,-668 4,-17 70,-1 0,66
7|-166,-686 98,0 3,-3 1,-11
5|-339,-755 0,-34 13,0
5|-635,-640 0,11
5|753,586 26,-48 -12,-7 17,-30 18,10 -15,29 2,9 -16,34 -14,-8
5|722,688 -22,40
5|641,716 43,23
5|-169,-390 2,-29
5|270,-235 42,21 8,11
5|404,-178 11,-10
5|498,498 14,8
5|512,506 18,11 12,-21 -17,-10 -13,20
8|266,503 -11,-2 -14,-10
5|383,-725 -28,50
5|160,-622 52,28 11,-21
5|160,-622 -2,39
5|481,-485 -55,-30
5|208,-739 -35,68
7|-3,688 -2,74
5|143,-451 26,4
5|896,240 -11,-4 -133,2
5|-437,251 -1,-20 -23,-11
5|591,401 8,-16
5|599,385 49,-93 0,-6 -11,-5 -7,7 -44,84 -1,5 14,8
5|607,293 16,9
5|563,-703 25,-48 -22,-11
5|-826,-543 0,-21 40,0 8,-6 8,0
5|-622,816 0,-101
14|718,-559 8,-16
5|700,-607 4,-7
5|475,-676 30,-57
9|-35,-697 25,-39 20,-10 23,-2 5,-5
5|324,-737 35,17
5|783,-544 6,-17 -16,-8 -10,14
5|723,-470 -5,9 -9,1 -8,14 -34,-18
14|667,-464 3,-6
14|670,-470 12,-22
5|-821,-727 0,-39
5|-261,-602 -43,0
5|733,-756 -8,12
5|725,-744 -20,35 -12,-5 18,-36 14,6
5|728,-759 11,-18 48,28
5|766,-761 -10,17
5|241,674 47,3 4,21
5|240,698 52,0
5|-710,450 -47,1
5|-649,417 0,-47
5|417,-707 9,-16
5|763,591 -7,15 -12,-7
5|575,-238 -12,22
5|599,-247 -9,16 -15,-7
5|587,-180 -54,-30
8|619,152 79,-178
5|638,454 44,26
5|614,631 16,-30
5|634,642 16,-30
5|650,650 19,-32
5|458,794 36,17 14,-21
5|-769,-629 -22,-1
5|516,371 11,-20
5|527,351 6,4
5|533,355 18,5 20,-37 -12,-7 -6,2 -20,37
5|586,331 -15,-8
5|-722,817 0,32
5|351,380 21,14 13,-13 10,5 -12,50 -5,2 -25,-13 0,-6 19,-25
5|59,-347 6,-6 0,-7
5|65,-360 -8,9 2,4
5|59,-347 -5,12 2,4 33,18 13,-3
14|408,-200 -85,-47
14|415,-188 3,1
5|132,-231 -334,-177
5|-329,239 -1,3
5|-329,239 8,-6
5|-307,197 -6,3 -16,29
5|-64,-700 -434,0 -69,5
5|-321,233 16,-31 -2,-5
5|-329,229 0,10
14|250,333 5,-25
5|301,-142 7,-13
7|668,81 56,-108
5|693,-512 12,7
5|749,-655 15,8
17|499,221 -26,59
5|-333,251 3,-9
11|-333,251 -47,0
11|397,307 31,16
5|368,353 -13,-7
5|293,345 -5,9
9|16,-758 -79,0 -9,3
9|74,-752 -36,-1
5|386,-224 -5,9
5|248,-477 25,12
5|260,-471 11,-23
5|240,661 -15,20 -42,5
5|183,686 -47,2
5|136,688 -44,0
5|195,-603 11,-20 44,22 -16,30 16,9
5|250,-601 19,7
5|243,-587 16,8
5|175,252 7,-14 -4,-10
5|-510,-133 -4,-8 -14,-9 -17,-8 -9,1
5|-420,-536 -4,54 -27,47
5|-546,-377 -15,0
5|-541,-377 -5,0
5|-552,-452 -9,-1
5|-538,-455 -14,3
5|-414,-12 -11,-7
5|-393,-50 -12,-7
5|-568,-161 14,4
5|439,-69 -278,-147
5|161,-216 -29,-15
5|-372,-536 0,17 3,0
5|-435,-464 7,3
5|242,-173 -9,16
5|-637,-541 0,-19
5|-568,-269 14,1
5|400,-172 4,-6
5|186,421 0,30 19,0
5|160,-622 -29,-3
5|132,-620 28,-2
7|692,437 -35,-19
11|353,732 15,4
11|441,760 28,11
14|714,-552 4,-7
14|526,-197 14,-25
14|540,-222 4,-7
14|593,-323 16,-31
14|647,-426 9,-16
14|743,-607 12,-23
14|755,-630 6,-11
14|343,145 -13,25
14|330,170 -10,19
5|-431,-700 0,32 30,9
5|-431,-679 -17,0
5|-448,-694 0,25
5|352,-495 28,14
5|391,-568 46,22
5|407,-561 -8,18 26,18
5|425,-552 -11,21
5|451,-526 -20,-10
14|656,-442 4,-8
9|-34,-721 -4,16 3,8
14|448,-64 -37,71 -2,14
5|-283,-510 3,2
5|-280,-519 5,2
5|-271,-516 -5,10
5|470,-465 -44,-23 -13,-3
14|137,-501 -5,-43
5|201,751 3,-29 -5,-29
5|777,-629 -17,31
5|777,-629 -17,-10
17|420,887 1,-62
5|292,698 1,30
5|71,319 0,3
5|71,281 0,38
5|71,281 0,-9
7|657,418 -38,-13
9|-1367,-142 268,0 358,-23 173,4
5|-630,417 0,14
14|242,781 0,-12
14|242,769 -1,-41
14|242,810 0,-6
14|-280,-536 33,4 28,7
5|20,599 0,59
5|-547,-683 0,-12
5|-507,-683 -40,0
5|174,272 1,-20
7|769,478 -29,-15
5|293,-30 -4,7 64,33 4,-7
5|-622,874 0,67
5|-611,816 0,-36
5|-611,749 0,-34
5|-611,780 0,-31
5|-310,750 -17,14
5|643,-141 -12,-6
5|635,-125 -13,-6
5|635,-165 -58,-28 -3,6
5|-609,565 -1,-19
5|-614,546 0,19
5|-542,68 9,-32
5|-554,-268 4,1
5|497,128 -20,-10
17|381,686 0,35
17|380,757 0,2
17|381,721 -1,36
5|-791,303 81,0
7|504,572 -19,-5
5|-704,187 10,0 2,44
5|-618,247 2,-52 26,-5 0,42 -28,7
5|-601,192 0,43
5|537,805 18,-31
5|560,262 -136,2
5|359,536 15,-10
5|362,534 3,5 -4,36 -3,1
5|352,540 7,-4
5|358,576 -5,0
5|607,-760 20,-37
5|639,-743 21,-37
5|555,276 5,-14
5|548,290 7,-14
5|560,262 13,-7 20,1 20,11
5|527,351 -1,-10 22,-51
5|-654,-376 80,-1
5|-654,-301 48,1 1,22
5|-654,-293 0,-43
5|-654,-336 0,-34
5|-656,-341 65,1
5|-638,-341 0,23 47,0
5|-656,-341 -8,10 0,22
5|-654,-293 -1,15
5|-664,-309 1,9 9,7
5|-654,-370 0,-6
5|-542,68 69,32
5|332,881 15,8
##P
2.6|-121,-152 13,7 13,13 128,60 18,16
2.4|211,-183 -28,53 -5,16 78,43
2.6|-66,399 1,65
2.6|-66,399 14,-7 3,-10 -3,-10 -14,-7 -15,9 -1,11 5,10 11,4
2.4|-216,23 30,-48 65,-127
2.4|111,83 113,60
2.4|-624,-40 42,0
2.6|-606,174 23,0
2.6|104,598 0,-12
4|480,347 25,-65
2.4|477,320 -4,10
4|471,344 26,-66
2.4|490,328 -3,10
2.4|483,301 6,-14
2.4|501,302 5,-13
2.6|477,320 1,-6 15,5 -3,9
2.6|479,337 12,-33
2.6|483,301 16,6 2,-5
2.6|-199,439 269,-1
2.6|179,454 0,-12 -4,-6 0,-33 34,0 3,3 1,34 4,4 11,-3
2.6|-200,452 -19,30 -2,26 7,28 17,34
2.6|-449,732 4,44 1,281
2.6|-446,391 -110,-111
2.6|45,750 145,0
2.6|-161,963 2,-38 9,-16 16,-11 57,-23
2.6|120,29 -10,-5
2.4|225,26 -48,92
2.6|30,26 39,-15
2.6|108,27 -24,-12
2.6|62,-54 7,11 7,41
2.6|134,-22 -50,91
2.4|-424,21 346,179
2.6|-200,452 1,-168
2.6|-66,365 0,-80
2.6|-315,581 0,-118
2.6|-429,547 221,0
2.6|-429,452 84,0 0,11 30,0 29,0 0,-11 86,0
2.6|-38,610 42,-47 14,-6 96,0 46,24
2.6|114,557 20,-19
2.6|-428,891 27,21
2.6|-428,891 27,1
2.6|-401,962 0,-84 38,0
2.6|6,676 -4,-11
2.6|-1,656 9,0
2.6|104,561 -1,-25 58,-55 0,-28
2.4|107,570 4,-6 -4,-8
2.6|-158,559 78,-13 30,0 51,13 6,11
2.6|13,559 3,4 15,0 15,6
2.4|12,575 4,-12
2.4|2,665 -4,-12 0,-8 4,-1
2.6|140,586 -27,-16 -25,1 -13,-3 -14,5 -27,-4 -22,6
2.6|-37,650 -32,21
2.4|-69,430 0,8
2.4|-315,463 0,-5
2.4|-290,451 2,1
2.6|-69,430 7,0
2.4|-342,452 3,0
2.4|-62,430 0,8
9|-108,240 25,-51 17,9 2,42 -44,0
2.6|-199,326 270,1
2.4|-70,326 0,8
2.4|-62,327 0,7
2.6|-62,334 -8,0
2.4|99,571 -5,9 3,6
2.6|224,675 -223,0 -26,-48 -13,-17 -41,-34 -26,-12 -29,-7
9|183,477 -17,-19 -17,0 0,31 -5,5 -23,0 1,36 3,5 11,-11 -5,-2 0,-9 12,4 15,-15 0,-9 10,-1 15,-15
9|-555,302 12,0 8,-8 0,-13 -19,1 -1,20
2.6|-558,563 2,-283
2.6|227,686 0,24
2.6|254,716 -27,-4
2.6|257,743 85,-2 2,3 0,125 -14,16 4,12 9,2 9,-7 7,-146
2.4|-337,-155 171,92
2.4|-31,-323 37,-69
2.6|594,303 -11,17 -18,-10
9|-290,440 0,18 -49,0 0,-18 49,0
9|-76,473 0,-15 21,0 0,15 -21,0
2.6|-286,889 1,73 -143,0 -1,-381
2.6|-63,789 30,15
2.4|-473,100 -39,70 2,8 24,10 12,-13 9,-1 73,35 26,-46
2.4|224,143 -43,80
2.4|296,-37 -14,-8 -10,-10
2.4|-651,-396 7,3 62,1
2.6|-48,-1 -26,48
2.4|-292,151 -33,-18 -24,-20 -42,-23
2.6|-325,133 -33,15
2.4|208,-97 -46,89
2.4|263,-87 -54,104
2.6|205,-91 5,106
2.6|253,-66 -90,56
2.6|61,-122 -62,34
2.6|-64,-76 46,-15
2.6|-70,-64 13,44
2.6|169,-166 -37,-19
2.6|162,-141 21,11
2.6|174,-135 -5,-31
2.4|321,-666 -78,149
2.6|112,20 -24,-13
2.6|87,3 0,7 -5,6 -9,0 -4,-5 0,-7 5,-6 8,0 5,5
2.6|192,-65 -33,-17 16,-30
2.6|72,-1 -22,-11 -10,0
2.6|68,7 -22,-11 -6,-8
2.6|-72,199 57,29 41,-80
2.4|291,-139 -28,52
2.6|152,-311 7,28 12,13 14,3 27,-15
2.6|579,-269 59,-110
2.6|574,-318 -82,151
2.6|570,-252 94,50
2.6|570,-252 9,-17
2.6|672,-218 -8,16
2.6|427,-620 90,49
2.6|147,-737 19,-1 26,6 215,114
2.6|331,-472 12,5
2.6|150,-530 17,-1 18,5 181,95
2.6|436,-416 13,6
2.6|584,-338 -9,17 24,15
2.6|278,-277 -13,20
2.6|-553,-527 287,-1 45,10 52,28
2.6|-554,-268 1,-259
2.6|-552,-172 -2,-96
2.6|-568,-172 -14,-1 0,19 27,11
2.6|-551,240 -3,-7 0,-375
2.6|-225,25 -80,153 -7,1
2.6|-318,190 -22,53
2.6|-312,180 -5,9
2.6|297,-272 78,-152
2.6|794,-734 -333,-174
2.6|169,-166 -5,-41
2.6|691,-479 90,49
2.6|646,-393 92,49
2.6|-155,-482 220,122
2.4|-78,200 -2,-9 39,-75
2.6|573,-321 -198,-103
2.6|638,-379 91,51
2.6|731,-329 6,-13
2.6|738,-344 43,-86
2.6|729,-328 -57,110
2.6|672,-218 -93,-51
2.6|734,-621 -326,-174
2.6|788,-720 -54,99
2.6|461,-890 327,170
2.6|407,-618 -77,145
2.6|149,-554 -4,-6 2,-177
2.6|330,-473 -137,-73 -44,-8
2.6|492,-167 -195,-103
2.6|435,-417 -91,-49
2.6|451,-410 80,-153
2.6|584,-339 -133,-71
2.6|666,-492 -135,-71
2.6|517,-571 -82,154
2.6|344,-466 83,-154
2.6|666,-492 -82,153
2.6|519,-152 17,-36
2.6|611,-102 -3,1 -73,-41
2.6|664,-202 -53,100
2.6|227,282 -191,-1 -12,4 -446,-1 -7,-3
2.6|-428,559 1,-276
2.6|-158,559 -270,0
2.6|-558,1063 0,-484
2.6|228,462 -4,213
2.6|228,441 -6,-107 5,-13 0,-39
2.4|-113,78 291,150
9|12,56 19,-1 5,3 14,-25 -10,-6 5,-8 -46,-25 -20,36 12,6 -6,10 25,14 2,-4
2.4|-121,-152 2,-17 30,-65 23,-32 7,-4 23,-42
2.4|-284,-244 162,85
2.6|-531,-33 93,50
2.4|120,29 2,2
2.6|122,31 10,5
2.6|-183,227 -9,12 -5,-1 -94,-47 -5,-8
2.6|477,118 -70,-36
2.6|-69,-73 32,17
2.6|-16,-95 -46,86
2.6|33,-77 11,-29 -2,-26
2.6|-7,-91 20,-26 21,-19 27,-64 33,-51
2.6|-49,-176 4,11
2.6|33,-72 0,-5 -17,-21 -10,-37 -10,-14 -34,-23 -67,-28
2.6|57,-193 -8,1 3,11
2.6|48,-232 -13,-1 1,12 13,-7 -1,-4
2.6|22,-206 27,14
2.6|-18,-161 -3,-12
2.6|-28,-178 -10,6
2.6|77,-267 35,-68
2.6|111,-249 4,-8
2.6|123,-243 3,-6
2.6|373,-111 -563,-298
2.6|65,-360 123,69 77,35 0,4
2.6|-243,216 17,-34 5,2 22,-46
2.6|-215,229 6,-13 -6,-3 -6,13
2.6|-212,215 2,-4
2.6|-186,-25 -96,-50
2.6|59,164 26,-48 6,-23 8,-16
2.4|284,-267 86,-161
2.6|-100,74 15,-29 11,2
2.6|75,136 12,6 -1,3
2.6|119,-531 15,114 -3,23 -15,30 -253,-137 -1,-6 40,-61
2.6|6,-394 11,-20
2.6|9,769 -2,-16
2.6|282,-45 -42,79
2.6|167,-150 -11,22
2.6|156,-128 22,10
2.6|159,-82 -52,-31
2.6|144,-353 -22,-11
9|28,-575 -2,31 -21,40
2.6|-58,-528 -70,21
2.6|-58,-528 -28,52
2.6|487,338 -4,1
2.6|473,330 2,4
2.6|489,287 5,-1
2.6|506,289 -3,-3
2.6|-77,875 11,-9
2.6|-85,879 10,18 78,0 -1,63
2.6|284,-279 -29,-12 -106,-59 -4,1
2.6|269,-256 21,-13
2.6|282,-249 0,-24
2.4|136,-325 -17,-37
2.4|104,-342 41,-7
2.6|-152,-483 15,-18
2.6|-138,-507 -20,-11
2.6|-163,-516 -7,24
2.6|-168,-487 11,5
2.6|-106,246 0,33
2.6|281,-244 114,59 79,49
2.4|243,-517 -8,15
2.4|235,-502 -64,125 -19,14 -3,13
2.4|149,-350 17,2 6,-21 25,-33 48,-94
2.4|245,-496 9,-15
2.4|254,-511 80,-148
2.6|152,-363 10,-53 -14,-110 2,-4
2.6|639,-380 7,-12
2.6|474,-136 -72,139
2.6|427,16 -22,-11 -7,10 -5,9 22,13
2.6|391,24 -111,211 -7,6 -122,5 -469,-4
2.6|-583,241 3,37
2.6|-446,280 0,111
2.6|-447,245 1,35
2.6|536,-188 34,-64
2.6|535,-142 -16,-10
2.6|-254,-747 206,0 6,8 -2,25 -12,41 -8,9 -4,14 -65,88 -25,44 -5,2 -46,-25 -45,-13
2.6|-254,-553 -16,-3
2.6|-271,-556 -282,-2
2.6|-557,-558 -24,3
2.6|-635,-635 48,1 4,2 0,78 -178,2
2.6|-762,-552 -16,0
2.6|-761,-529 178,2 1,238 -4,3 -87,1
2.6|-673,-285 -75,-1 -25,4
2.6|-553,-558 -4,-190
2.6|-254,-554 0,-193
2.6|433,228 -114,5 -3,-3 122,-232 5,-4 61,-115 5,-3
2.6|257,283 27,-2
2.6|408,-619 17,0
2.6|686,-500 -13,-6 -7,14
2.6|789,-444 -90,-49
2.6|705,-505 31,-59
2.6|727,-605 -54,99
2.6|759,-610 -25,-11 -7,16 22,14
2.6|673,-506 -327,-173
2.4|370,-428 11,-18
2.6|743,-575 29,-57 9,-10 84,43 2,6
2.6|736,-564 7,-11
9|97,-414 -29,-54 -17,-9
2.6|-48,-107 -43,84
2.6|-40,-51 -31,-17
2.4|138,-220 -87,164
9|8,35 -15,16 -34,65
9|-166,-63 208,110
2.6|-74,47 9,8 44,23
2.6|6,-135 18,6
2.6|34,-136 47,22
2.6|-62,-180 -3,-12
9|-113,-568 63,34
9|26,-544 31,18
9|95,-525 25,0
2.6|111,-454 -7,3
9|81,-525 -16,33 -8,5 -27,48
2.6|117,-552 -24,-3
2.6|93,-555 -64,0
2.6|167,-182 12,-24
2.6|-117,-362 -43,81
2.4|-305,-463 -3,-8
2.6|-361,-529 0,22 53,28
2.6|34,-487 23,-39
9|24,-548 61,33 -24,49 -63,-34 26,-48
2.6|492,-166 -16,29 30,11 11,-26 -25,-14
2.4|290,246 23,-19 101,-191
2.4|458,-46 44,-80
2.4|544,-208 22,-43
2.4|577,-271 19,-35
2.4|577,-318 -81,153
2.4|480,-135 -75,140
2.4|394,25 -69,131 2,19
2.4|668,-491 -81,153
2.6|-308,-479 2,-26
2.4|272,-55 -19,-11
2.4|62,-54 16,4 147,76 109,62 23,20
2.6|89,57 -9,-40
2.6|131,-15 -44,18
2.6|-582,-266 0,93
2.6|-582,-154 -1,217
2.6|227,741 0,19
2.6|227,762 -1,9
2.6|226,771 2,191
2.6|257,743 1,288
2.6|224,675 3,11
2.6|192,696 0,-20
2.6|192,752 -1,17
2.6|45,750 -9,0
2.6|26,698 -17,0 -3,4 -1,44 2,4 29,0
2.6|192,698 -156,0
2.6|36,698 -10,0
2.6|-429,581 298,0 44,15 32,26 12,17 29,61 0,44 -5,22 -18,36 -27,36 -18,15 -60,27 -20,11 -7,7 -11,23 -1,41
2.6|3,582 -15,40 12,11 2,11 6,0
2.6|12,575 -9,7
2.6|7,570 5,16
2.6|12,586 8,13
2.6|104,586 0,-25
2.6|-558,579 0,-16 -21,-6 1,16 20,6
2.6|-155,-484 -4,-30
2.6|-167,-491 27,-13
2.6|-48,-747 1,-16
2.6|116,-765 -371,2
2.6|-255,-763 1,-90 369,0 3,3 -2,85
2.6|-269,-764 -289,1
2.6|-557,-748 287,1 0,100
2.4|639,-387 50,-93
2.6|-558,-763 0,-90
2.6|-761,-552 2,-135 179,-1 -1,40 -59,1
2.6|-779,-552 -80,-1
2.6|-654,-785 75,1 -1,83 -182,3
2.6|-271,-556 1,-91
2.6|-332,-151 131,-247
2.6|-212,-406 -175,332
9|-168,-77 -6,2 -7,14 2,5 17,10 2,-4 7,4 6,-13 -5,-2 1,-7 -17,-9
2.6|151,247 0,10
2.6|228,282 10,1
2.6|238,283 14,0
2.6|253,442 -24,1
2.6|256,496 0,-148
2.6|256,348 8,1 68,37 -68,106 -8,4
2.6|310,278 -19,-1 -5,3 -24,51 79,42
2.6|402,325 -132,199
2.6|255,545 2,168 81,3
2.6|269,526 -14,16
2.6|255,498 -1,7
2.6|254,510 1,32
2.6|415,302 -20,-10 -8,9 -5,11 20,10
2.6|301,260 31,3 63,28
2.6|432,231 -9,18 25,0
2.6|423,249 -28,42
2.6|402,325 6,-1 8,4
2.6|430,336 112,59
2.6|553,372 -8,0 -128,-68
2.6|544,396 15,11 14,-22
2.6|661,429 8,-15 -15,-11 -11,16 18,10
2.6|860,59 -51,88 -139,267 88,50 7,-2 121,-228
2.6|751,484 24,7 7,-14 -19,-11 -12,18
2.6|346,-679 53,-100
2.6|-330,278 11,-35
2.4|-404,-191 67,36
2.6|-106,266 37,0
2.6|-69,257 -37,0
2.6|-66,866 30,-22 21,-30 15,-36 8,-5 1,-4
2.2|-446,280 -52,58
2.6|315,232 -33,3
2.6|264,259 -11,21
2.6|293,275 8,-15
2.6|301,260 6,-9
2.6|272,243 -5,10
2.6|267,253 -3,6
2.4|425,15 11,-20
2.4|436,-5 22,-41
2.4|607,-326 17,-27
2.6|699,-493 6,-12
2.4|-78,200 -28,46
2.6|418,329 10,6
2.6|607,-99 -11,16
2.6|616,-103 18,13
2.6|509,-124 26,13 5,6 31,16 11,1 16,11
2.6|432,231 154,-284 10,-30
2.6|626,-95 22,-40
2.6|657,-130 -23,45
2.6|166,-348 1,10
2.6|129,-457 -10,1
2.6|119,-456 -8,2
2.6|168,-374 4,5
2.6|-187,-296 25,-48
2.6|-134,-330 -48,-26
2.6|-173,-384 -11,22 2,6 -6,0 -23,48
2.6|237,-608 -17,33
2.4|696,-494 24,-45
2.4|729,-604 -53,99
2.4|161,-252 10,-18
2.4|62,-54 86,-161
2.6|170,-156 -3,5
2.4|167,-151 0,1
2.6|188,-291 -5,8 -5,-1 -4,-4 5,-8
2.4|161,-252 -8,-1 -11,21
2.4|155,-226 10,-20 -4,-6
2.4|51,-56 11,2
2.4|81,-114 10,6
2.6|-201,-398 639,336
2.6|281,-160 15,-29
2.6|-377,-556 -4,-9 -26,-11 -15,20
2.4|226,-188 -15,5
2.4|175,-112 1,-1
2.6|176,-113 2,-1
2.4|119,-125 -3,-2
2.4|113,-120 2,-5
2.4|119,-133 -2,4
2.6|117,-129 -2,4
2.6|110,-144 8,4
2.6|120,-138 18,10 -10,20 -17,-4
2.4|118,-140 2,2
2.6|96,-117 8,3
2.4|104,-114 3,1
2.6|113,-120 -2,8
2.6|119,-133 3,-4
2.4|142,-232 -4,12
2.4|148,-215 7,-11
2.6|178,228 33,18
2.6|224,143 6,-11
2.4|230,132 1,-2
2.6|231,130 1,-3
2.6|210,135 10,-19 -1,-5 4,-3 9,-16
2.6|200,75 58,31
2.6|213,129 -33,-17
2.6|183,106 -153,-80 -16,-4
2.4|-78,200 9,-4 40,-75
9|17,17 12,-7 33,-64
9|-29,121 32,-65 5,-21
2.6|-169,-490 -43,84
2.6|-191,-409 -14,-8
2.6|-190,-409 12,-21 0,-12 23,-40
2.6|-285,-244 -10,-3
2.6|-318,242 27,-51
2.6|-296,183 -8,-5
2.6|151,246 35,-64
2.6|188,246 6,-15
2.6|402,3 -60,-23 -56,-30
2.6|279,-39 112,59 0,4
2.6|265,-252 -6,12 5,8
2.6|-324,-40 -3,11
2.6|-281,-124 -43,84
2.6|-327,-29 -84,155
2.6|-296,183 83,-150
2.6|-225,25 12,7
2.6|-582,80 -1,94
2.6|-317,196 18,9
2.6|-394,-64 -84,156
2.6|-438,17 14,4
2.6|-429,577 1,-12
2.6|-841,-50 -288,-1 0,-82 288,-18 0,101
2.6|171,-270 7,-14
2.4|-343,118 -14,23 -3,13
2.6|-365,162 5,-8
2.4|-441,63 -3,-2
2.6|-463,97 82,-153
2.6|-446,64 4,3 -3,6 8,5 6,-10
2.6|-510,-23 -9,10
2.6|-524,-30 -9,11
2.6|-493,-116 -14,38 -24,45
2.6|-555,-38 24,5
2.6|-435,-100 -60,-32 -15,-13 -44,-25
2.6|-540,-141 -14,8
2.6|-435,-100 20,-39
2.6|-219,14 -158,-83
2.6|-382,-58 156,84
2.6|-213,32 106,55
2.6|-282,-75 -10,-6 -4,-12
2.6|-282,-75 -5,10 -20,-10
2.6|-287,-65 2,11
2.6|-257,-40 10,-17
2.6|-66,34 -4,-5
2.4|-70,29 1,-16
2.6|22,-206 -16,8 -15,0 -10,-9 -3,-8 33,-71
2.6|-15,-175 4,-8 -2,-5 -12,-1 -3,11 5,4 8,-1
2.6|-94,55 5,3
2.6|36,-221 -14,15
2.6|-13,-200 -3,10
2.6|35,-233 -8,-7 -32,-10
2.6|60,-228 -11,-2
2.6|65,-223 -5,-5
2.6|77,-222 -12,-1 0,15
2.6|39,-217 -13,-8
2.6|-27,-187 -4,-2
2.4|-31,-189 -4,-2
2.6|-35,-191 -3,-1
2.6|-6,-246 -35,-17
2.4|-36,-312 5,-11
2.6|-308,-467 -13,23 -5,0 -24,40
2.6|-361,-507 -30,-12
2.6|-394,-64 12,6 5,-11
2.6|-431,68 -10,-5
2.6|-391,90 -40,-22
2.6|-262,-284 90,48 -21,40
2.6|-83,-240 62,29
2.6|-66,-266 -79,-42
2.6|-123,-262 14,-27
2.6|-47,-252 6,-11
2.6|-41,-263 21,-39
2.6|-30,-283 -17,-9
2.6|54,-333 -7,0 -23,38
2.6|153,-253 -15,-26 -14,-7 -1,-7 -26,-13
2.6|124,-286 -18,34
2.6|174,-216 3,-5 -4,-21 -8,-4
2.6|236,-183 13,-25 6,0
2.6|218,-193 12,-25
2.6|177,-221 10,0
2.4|187,-221 5,0
2.6|177,-227 11,-21
2.6|295,-188 -9,-4 5,-9 -35,-19
2.6|192,-221 5,-1
2.6|373,-111 15,-3 21,-13 5,-9 2,-19
2.6|414,-136 15,8
2.6|224,143 17,7 16,0 53,27
2.6|231,162 69,33
2.6|288,166 -8,18
2.6|212,197 19,-35
2.6|186,182 26,15
2.6|186,182 24,-47
2.6|194,231 18,-34
2.6|231,162 -7,-19
2.6|245,168 5,-18
2.4|42,47 69,36
2.6|150,104 -17,32
2.6|-199,138 6,-3 23,-40
2.6|-19,203 19,10
2.6|-107,87 6,-11
2.4|-101,76 1,-2
2.6|195,-426 11,5
9|119,-362 -6,-19
2.6|-128,-507 -9,3
2.6|-157,-482 5,-1
2.6|-137,-501 -3,-3 2,-3
2.6|-158,-518 -1,4 -4,-2
2.6|-170,-492 3,1 -1,4
2.6|-53,-536 -5,8
9|57,-526 38,1
9|-50,-534 101,57
2.6|116,-652 -88,0
2.6|-61,-617 66,35 23,0
2.6|-98,-568 15,16
2.6|146,-910 6,0 233,122 -54,101
2.6|295,-617 13,6
2.6|269,-565 10,6
2.4|203,-544 1,-2
2.6|204,-546 2,-2
2.6|202,-541 1,-3
2.6|-450,-214 25,-47 21,11
2.6|-396,-187 3,-7 -21,-13 -135,-72
2.6|-419,-198 23,-43
2.6|-404,-250 10,5 6,-10
2.6|-396,-241 2,-4
2.6|-345,452 3,0
2.6|-329,439 -35,1 19,3 0,9
2.6|-288,452 2,0
9|51,-56 -33,61 -1,12
9|17,17 -9,18
2.6|40,-12 -10,-5
2.6|-63,157 53,29 18,-3
2.6|-32,176 2,-5
2.6|-15,228 25,7 8,-6 41,-65
2.6|28,-591 0,16
2.6|-257,570 -1,-11
2.6|-342,570 1,11
2.6|-388,-76 -47,-24
2.6|331,-687 -138,-72 -46,-7
2.6|-98,-568 54,-75 15,-31 10,-40 13,-17 19,-7 101,0 3,3 0,183
2.6|-619,254 36,0
2.6|-555,266 18,0
2.6|-454,266 8,1
2.6|-315,284 -1,43
2.6|-316,327 0,37
2.6|-315,300 50,1 13,5 14,-5 20,9 8,35 2,38
2.6|-208,383 9,0
2.4|-208,383 -10,0
2.6|-19,464 -99,0
2.4|-87,573 3,-4
2.6|-84,569 2,-24
2.6|-15,699 5,0
2.6|8,699 -1,-1
2.6|-10,699 17,-1 -1,-20
2.6|6,678 0,-2
2.6|8,773 208,0 8,3
2.6|191,769 0,4
2.6|-8,793 43,1
2.4|38,773 0,8
2.6|38,781 -11,29 -14,11 -21,-4
2.4|-8,817 -4,-1
2.6|-12,816 -10,-6
2.6|-33,804 11,6
9|-10,821 3,-7 18,1 5,-11 1,-7 -20,1 5,-12 21,1 1,-6 32,0 -16,54 -15,0 0,-3 -35,-11
2.6|93,383 -9,0
2.6|80,383 -10,0
2.4|84,383 -4,0
2.6|-330,278 0,6
2.6|-216,317 -16,11 -24,5 -25,16 -24,11 -27,-3 -9,3
2.6|-106,279 0,6
2.6|-429,581 0,-4
2.6|-428,565 0,-6
2.4|70,383 -7,0
2.4|-199,383 5,0
2.6|553,372 6,-4 24,-48
2.6|574,382 12,10 67,8
2.6|177,-551 -5,-8 -27,-14
2.4|181,223 -3,5
2.6|-464,98 104,56
2.6|-360,154 48,25
2.6|-318,190 -40,-20 -16,-3 -71,-39 2,-5 -41,-20
2.6|-392,209 1,5
2.6|-513,162 5,2
2.6|-479,127 -8,-3
2.6|-478,92 14,6 -6,10
2.6|-483,101 5,-9
2.6|-583,63 1,17
2.6|-581,279 1,134
2.6|-580,413 1,10
2.6|-579,423 0,134
2.6|-578,573 -2,135
2.6|-580,708 1,14
2.6|-579,722 -2,89
2.6|-581,811 -1,11
2.4|502,-126 6,-13
2.4|508,-139 7,-15
2.4|566,-251 6,-10
2.4|515,-154 25,-47
2.4|540,-201 4,-7
2.4|572,-261 5,-10
2.4|487,-150 -7,15
2.4|496,-165 -9,15
9|-48,-498 17,9 -9,17 -17,-8 9,-18
2.6|-82,-474 10,-16 -5,-3
2.6|-192,239 4,5
2.6|-218,228 0,16
2.6|-530,71 3,-6
2.4|-527,65 2,-4
2.6|-525,61 37,-70
2.6|-505,23 -8,-3 -7,13 -13,3
2.6|-549,-279 -5,-1
2.6|-457,-230 2,-3
2.6|-484,-244 2,-4
2.6|-518,-263 1,-2
2.6|-457,-230 -6,10
9|113,-381 -16,-33
2.6|104,-451 -19,9
9|30,-439 -12,24
2.4|414,36 11,-21
2.4|405,5 -11,20
2.4|596,-306 11,-20
2.4|689,-480 7,-14
2.4|676,-505 -8,14
2.6|-703,277 88,-2 34,4
2.6|-959,275 242,1
2.6|-584,239 -242,1
2.6|424,24 6,1
2.4|430,25 15,0
2.6|427,19 4,1
2.4|431,20 11,-7
2.6|419,33 5,6
2.4|424,39 0,2
2.6|424,41 1,3
2.6|526,-115 -9,16
2.6|439,99 -3,6
2.6|401,87 6,-5
2.6|407,82 10,-45
2.6|-841,241 15,-1
2.6|-703,277 -14,-1
2.6|623,-69 91,49
2.6|623,-69 -25,-8
2.6|624,-69 1,-2
2.6|634,-85 -9,14
2.6|634,-90 80,44
2.6|714,-20 10,6
2.6|715,-46 7,4
2.6|734,-32 -6,17
2.6|723,-41 114,59
2.6|724,-14 111,58
2.6|734,-32 1,-3
2.6|728,-15 -1,2
2.6|496,-107 28,-10
2.6|571,-89 27,12
2.6|-207,21 -12,-7
2.6|-219,15 -6,10
2.6|-213,32 6,-10
2.6|343,-467 1,1
2.6|330,-473 1,1
2.4|-202,-408 -103,-55
2.4|-308,-471 0,-8
2.6|267,-252 14,8
2.6|293,-273 -9,-6
2.6|286,-246 10,-21
2.6|291,-147 -1,-7
2.4|291,-147 0,8
2.6|264,-154 6,-11
2.6|-963,909 1,-85 240,-1
2.6|-963,798 0,5 6,5 175,-1
2.6|-862,724 240,0
2.6|-861,698 1,9 122,0
2.6|-965,-379 -1,117 155,-16
2.6|-965,-235 0,79 156,-11
2.6|-965,-235 1,-10 145,-16
2.6|-1081,62 -48,0 0,-88 4,-5 281,0 4,2 2,46 -4,46 -239,-1
2.6|-823,371 -41,1 -7,3 1,179 2,4 59,-1
2.6|-959,275 1,82 127,1
2.6|-860,574 41,-3
2.6|399,-779 278,145 49,30
2.6|761,-610 -2,0
2.6|749,-591 1,1
2.6|646,-393 45,-86
2.6|691,-479 8,-14
2.6|666,-492 25,13
2.6|699,-493 -13,-7
2.6|435,-417 1,1
2.6|449,-410 2,0
2.6|364,-431 -79,149 -7,5
2.6|374,-426 1,2
2.6|366,-431 8,5
2.6|118,-549 28,-4 2,22 -28,0 -2,-18
2.6|118,-549 -1,-3
2.6|146,-553 2,-2
2.6|148,-531 2,1
2.6|119,-531 1,0
2.6|145,-738 -28,0 0,-25 27,0 1,25
2.6|145,-738 2,1
2.6|117,-738 -1,1
2.6|519,-571 11,7
2.6|517,-571 2,0
2.6|530,-564 1,1
2.6|321,-667 10,-19
2.6|331,-686 13,7
2.6|344,-679 -9,19
2.6|331,-686 0,-1
2.6|344,-679 2,0
2.6|335,-660 -1,1
2.6|321,-666 0,-1
2.6|6,-392 0,-2
2.6|17,-414 1,-1
2.6|729,-328 2,-1
2.6|737,-342 1,-2
2.6|115,-362 -11,20
2.6|136,-325 11,-21
2.6|149,-350 -5,-3
2.6|686,659 41,-79 82,45 -6,18
2.6|825,599 -6,11 -6,0 -78,-43 39,-74 53,25
2.6|763,466 -1,-2
2.6|775,491 1,2
2.6|727,579 6,-11
2.6|733,568 2,0
2.6|727,580 0,-1
2.6|665,647 85,-158 -3,-7 -40,-25 -7,-8 -41,-18 -86,164 2,6 64,33
2.6|606,636 -42,-22 -16,27
2.6|529,635 13,-32 -47,-25 -15,-1 -5,-4 3,-14 6,-4 9,3 59,29 3,-1 76,-144
2.6|751,484 -2,1
2.6|545,602 8,-13
2.6|553,589 -1,-2
2.6|542,603 3,-1
2.6|553,589 17,11
2.6|570,600 3,-2
2.6|570,600 -5,12
2.6|565,612 -1,2
2.6|545,602 20,10
2.6|635,434 7,-12
2.6|631,442 1,0
2.6|632,442 3,-6
2.6|635,436 0,-2
2.6|265,-252 2,0
2.6|265,-257 0,1
2.6|283,-245 3,-1
2.6|297,-270 -4,-3
2.6|296,-267 1,-3 -3,0
2.6|150,279 0,2
2.6|151,246 0,1
2.6|609,-325 -25,-13
2.6|584,-339 0,1
2.6|573,-321 1,3
2.6|575,-321 -2,1
2.6|492,-166 0,-1
2.6|476,-137 -2,1
2.6|506,-126 1,3
2.6|517,-152 2,-1
2.6|393,24 -2,0
2.6|402,3 1,2
2.6|428,16 -1,0
2.6|415,37 2,0
2.6|273,241 -1,2
2.6|253,280 -1,3
2.6|252,283 5,0
2.6|282,235 -2,0
2.6|307,251 8,-19
2.6|316,232 -1,0
2.6|291,277 2,-2
2.6|284,281 2,-1
2.6|227,282 1,0
2.6|256,347 5,-14
2.6|261,333 1,-2
2.6|256,348 0,-1
2.6|228,441 1,2
2.6|229,443 -1,16
2.6|228,459 0,3
2.6|256,442 -3,0
2.6|256,496 -1,2
2.6|270,524 -1,2
2.6|344,546 -89,-1
2.6|255,542 0,3
2.6|338,716 4,-1 2,-7 2,-164
2.6|357,578 3,144
2.6|722,-42 1,1
2.6|714,-46 1,0
2.6|333,385 9,-11
2.6|332,386 1,-1
2.6|342,374 19,5
2.6|361,379 3,1
2.6|402,322 13,-20
2.6|417,304 20,-36
2.6|415,302 3,-1
2.6|402,322 0,3
2.6|380,312 2,0
2.6|395,292 0,-1
2.6|653,400 99,-184
2.6|759,200 53,-97
2.6|752,216 1,-2
2.6|753,214 6,-12
2.6|654,403 -1,-3
2.6|643,419 -1,3
2.6|669,414 1,0
2.6|661,429 0,1
2.6|530,453 19,-36 14,-10 68,35
2.6|574,382 1,-14 56,-104 -20,-54 25,-53
2.6|712,-20 -78,148 -20,51
2.6|646,136 81,-149
2.6|639,152 6,-12
2.6|636,157 3,-5
2.6|645,140 1,-4
2.6|553,373 20,12
2.6|573,385 1,-3
2.6|553,373 -9,21
2.6|544,394 0,2
2.6|542,395 -25,51
2.6|542,395 1,0
2.6|559,407 1,1
2.6|553,373 0,-1
2.6|608,-101 -1,2
2.6|615,-103 1,0
2.6|803,643 -37,61 -80,-45
2.6|685,661 -9,14
2.6|687,660 -2,1
2.6|766,704 0,2
2.6|759,718 -76,149 -8,1 -77,-42 1,-10 73,-137 9,-2 76,42
2.6|766,706 -7,12
2.6|676,675 0,2
2.6|670,888 -80,148
2.6|680,869 0,2
2.6|680,871 -10,17
2.6|667,889 -84,-45 -74,142 3,51
2.6|586,841 8,-16
2.6|594,825 3,-1
2.6|586,844 0,-3
2.6|827,850 -42,76 -84,-47 79,-146 6,0 70,36
2.6|759,718 20,12
2.6|766,706 21,10
2.6|670,888 20,12
2.6|700,882 -10,18
2.6|680,871 20,11
2.6|702,882 -2,0
2.6|416,328 2,1
2.6|428,335 2,1
2.6|759,202 0,-2
2.6|7,753 0,-3
2.6|606,636 50,27 -79,150 -87,-44
2.6|490,769 -5,-7 63,-121
2.6|358,719 105,37 66,-121
2.6|344,717 2,25
2.6|346,742 -2,2
2.6|342,715 2,2
2.6|455,1037 111,-204 -96,-51
2.6|464,758 17,8
2.6|481,766 4,0
2.6|463,756 1,2
2.6|575,817 -8,14
2.6|567,831 -3,1
2.6|575,814 0,3
2.6|567,831 19,10
2.6|575,817 19,8
2.6|657,663 8,-13
2.6|665,650 0,-3
2.6|656,663 1,0
2.6|665,647 -26,-13
2.6|665,650 20,11
2.6|657,663 19,12
2.6|192,698 0,-2
2.6|227,710 0,2
2.6|254,716 3,-3
2.6|227,738 0,3
2.6|255,742 2,1
2.6|227,760 0,2
2.6|190,750 2,2
2.6|-654,-785 -107,0 0,86
2.6|-861,-884 83,0 0,149 -84,1 1,-150
2.6|-862,-718 84,0 -1,166
2.6|-761,-529 -9,126 3,3 100,0 12,-8 8,0 7,6 2,9 -3,4
2.6|-641,-389 -12,5 -119,1 0,100
2.6|-866,-533 84,0 3,6 -7,127 -80,-1 0,-132
2.6|-778,-552 -1,19 17,3
2.6|-762,-530 0,-22
2.6|-778,-552 -1,0
2.6|-761,-552 -1,0
2.6|-781,-531 2,-2
2.6|-762,-530 1,1
2.6|-877,-385 90,0 2,53
2.6|-771,-386 -13,1 -1,-15 8,0
2.6|-786,-400 1,0
2.6|-769,-402 -1,2
2.6|-786,-384 2,-1
2.6|-771,-386 0,2
2.6|-770,-400 -1,14
2.6|-777,-400 7,0
2.6|-583,-551 2,-4
2.6|-557,-558 4,3
2.6|-583,-531 2,4
2.6|-556,-527 3,-4
2.6|-581,-527 25,0
2.6|-583,-527 1,-1
2.6|-583,-551 0,20
2.6|-583,-554 1,1
2.6|-553,-548 0,-7
2.6|-553,-558 -2,1
2.6|-553,-531 0,-17
2.6|-555,-528 2,1
2.6|-762,-698 0,10
2.6|-762,-688 2,2
2.6|-579,-646 -3,13
2.6|-581,-648 2,2
2.6|-582,-633 -1,1
2.6|-578,-701 0,12
2.6|-579,-703 1,2
2.6|-578,-689 -2,1
2.6|-559,-761 0,12
2.6|-558,-763 -1,2
2.6|-559,-749 2,1
2.6|-777,-733 1,13
2.6|-776,-720 -2,2
2.6|-778,-735 1,2
2.6|-268,-762 12,0 0,14 -13,1 1,-15
2.6|-269,-764 1,2
2.6|-255,-763 -1,1
2.6|-270,-747 1,0
2.6|-254,-747 -2,-1
2.6|-254,-554 0,1
2.6|-270,-556 -1,0
2.6|-211,-405 10,6
2.6|-201,-399 0,1
2.6|-212,-406 1,1
2.6|-191,-409 0,1
2.6|-201,-399 10,-9
2.6|-191,-409 1,0
2.6|-205,-417 -2,0
2.6|-811,-278 26,-3 0,-51
2.6|-785,-281 2,1
2.6|-783,-280 5,-1
2.6|-773,-282 -5,1
2.6|-819,-261 34,-3 0,95 -24,2
2.6|-771,-266 29,-4 157,0 3,4
2.6|-771,-266 0,96 35,-3 123,1 30,-3
2.6|-783,-280 -1,15 5,-1 7,-2 -1,-14
2.6|-785,-264 1,-1
2.6|-772,-268 1,2
2.6|-583,-286 1,17
2.6|-584,-287 1,1
2.6|-584,-268 2,-1
2.6|-784,-169 12,0
2.6|-785,-169 1,0
2.6|-772,-169 1,-1
2.6|-584,-152 -147,-6 -94,8 2,98 3,2 188,0 6,-2 8,0 4,12 -6,11 -8,1 -56,-4 -144,2 2,92 241,-1
2.6|-839,-50 16,1
2.6|-841,-32 2,-18
2.6|-840,-51 1,1
2.6|-822,-51 -1,2
2.6|-828,-32 1,1
2.6|-823,-49 -5,17
2.6|-839,-151 14,-1
2.6|-841,-150 2,-1
2.6|-825,-152 2,1
2.6|-555,-143 1,-27 -14,-2
2.6|-554,-142 -1,-1
2.6|-583,81 -243,-2 0,86 204,2 14,-6 11,7 2,6 -3,11 -8,1 -14,0 -4,-5 -9,-1 -193,3 1,56
2.6|-827,166 0,15
2.6|-841,64 14,0 0,14 -14,0 0,-14
2.6|-826,62 -1,2
2.6|-827,78 1,1
2.6|-583,63 26,0
2.6|-557,63 2,0
2.6|-555,80 -2,0
2.6|-582,80 25,0
2.6|-583,174 -1,65
2.6|-295,-247 -1,-1
2.6|-284,-244 -1,0
2.6|-376,-69 44,-82
2.6|-377,-69 -10,-5 -7,10
2.6|-554,-142 7,-3 152,82
2.6|-470,108 0,1
2.6|-484,103 1,-2
2.6|-555,271 2,-30
2.6|-583,241 -1,-2
2.6|-553,241 -30,0
2.6|-340,243 -107,1 -104,-4
2.6|-553,241 2,-1
2.6|-580,278 23,1
2.6|-581,279 1,-1
2.6|-557,279 2,-8
2.6|-556,280 -1,-1
2.6|-447,244 0,1
2.6|-446,280 17,1
2.6|-556,280 110,0
2.6|-446,280 0,0
2.6|-429,243 0,2
2.6|-429,245 0,36
2.6|-366,163 1,-1
2.6|-360,154 0,0
2.6|-219,14 0,1
2.6|-207,22 0,-1
2.6|-317,189 -1,1
2.6|-312,179 0,1
2.6|-304,178 -1,0
2.6|-296,183 0,0
2.6|-318,196 1,0
2.6|-299,205 1,0
2.6|864,-31 24,-43 0,-7 -116,-63
2.6|448,249 -5,11
2.6|443,260 -6,8
2.6|306,260 -2,-5
2.6|-339,243 -1,0
2.6|-319,243 -20,0
2.6|-319,243 1,-1
2.6|-718,277 0,81
2.6|-702,278 -1,133
2.6|-718,358 1,14
2.6|-718,356 -113,2
2.6|-823,371 106,1
2.6|-717,373 2,185
2.6|-809,557 94,0
2.6|-819,571 81,2
2.6|-738,573 10,-1
2.6|-738,573 0,134
2.6|-738,707 5,0
2.6|-733,707 5,0
2.6|-728,707 0,-135
2.6|-728,573 65,0
2.6|-663,573 11,0
2.6|-665,573 0,135
2.6|-665,708 14,-1
2.6|-651,707 -1,-134
2.6|-651,574 73,1
2.6|-579,555 -125,2
2.6|-715,558 11,-1
2.6|-703,557 0,-135
2.6|-703,411 0,11
2.6|-703,410 124,1
2.6|-703,424 124,0
2.6|360,722 -1,24
2.6|424,766 -28,-10
2.6|396,756 -31,-11 -7,2
2.6|344,717 14,2
2.6|346,742 12,5
2.6|457,778 -33,-12
2.6|470,782 -13,-4
2.6|254,505 0,5
2.6|351,529 -5,15
2.6|351,529 0,-3
2.6|360,540 -9,-11
2.6|360,540 -3,32
2.6|357,572 0,6
9|743,273 86,41
2.6|629,148 2,1
2.6|636,152 2,1
2.6|631,149 5,3
2.6|407,-618 1,-1
2.6|425,-619 2,-1
2.6|646,-392 0,-1
2.6|638,-379 1,-1
2.6|743,-576 6,6 79,42 6,0
2.6|341,373 39,-61 -49,-28 -21,-6
2.6|341,373 1,1
2.6|270,524 6,3 95,-1
2.6|150,266 0,13
2.6|151,257 -1,9
2.6|606,309 -12,-6
2.6|616,314 -10,-5
2.6|104,-342 -1,2
2.6|136,-325 -1,2
2.6|147,-346 2,-4
2.6|115,-362 1,-2
2.6|120,-365 2,1
2.6|-430,760 -13,0
2.6|-429,760 -1,0
2.6|-827,181 1,2
2.6|-826,165 -1,1
2.6|-841,181 14,0
2.6|-827,166 -13,0
2.6|-828,-32 -13,0
2.4|105,571 2,-1
2.6|282,-273 -1,-4
2.6|283,-245 -1,-4
2.6|281,-277 -1,-2
2.6|290,-269 4,-1
2.6|267,-255 -2,1
2.6|267,-255 2,-1
2.6|227,738 28,4
2.6|255,742 -1,-26
2.6|227,712 0,26
2.6|-538,781 2,15 11,16 13,8 24,6
2.6|-488,826 -15,-8 -19,-23 16,10 23,1
2.6|-488,789 18,65 5,4 20,3
2.6|-558,752 32,1
2.6|-519,729 -15,23 -4,29
2.6|-514,723 -5,6
2.6|-514,723 43,-1 4,4 -59,27
2.6|-526,753 16,6 32,-10 30,2
2.6|-478,749 29,-17
2.6|-474,917 -16,-19 -18,-8 -25,1 -6,-13 13,-10 24,11 13,0 12,-5 12,-16
##A
g|-347,454 0,11 63,0 -1,10 57,0 6,-10 8,0 -10,21 -1,21 11,38 -213,0 0,-89
g|-538,298 3,-4 88,0 0,91 -3,7 -94,-1 1,-89
p|-189,699 0,52 -112,0 0,-52
p|-406,-295 15,1 12,-9 26,-77 1,-21 -61,-24 -42,16 -8,7 -19,30 -5,15 2,12
g|-310,-224 56,-107 -84,-42 -10,29 3,4 -3,14 5,2 4,10 -31,59
p|-405,-204 24,-45 11,-6 60,31 -30,55
g|-507,-335 4,-1 13,-27 -2,-4 35,-60 -1,-4 -27,-15 -18,30 -5,2 -28,61 1,4
g|-442,-236 18,-34 -89,-47 -18,33
g|45,702 0,45 151,-1 -1,-44
g|26,702 -19,0 0,45 28,0 -1,-11 -8,0
g|79,-47 49,26 -38,75 -50,-27 5,-8 -11,-6 29,-54
g|-7,-159 37,19 5,7 38,22 -22,44 -7,1 -7,-10 -11,1 -56,-35
g|211,-84 35,19 1,5 -35,68 -6,1 -35,-19 -2,-5 36,-68
g|-272,-243 17,-33 78,41 -17,33
g|257,103 -54,-28 10,-19 54,29
g|-46,-103 25,13 -34,63 -24,-13
g|-197,328 262,1 0,107 -262,0
g|-197,286 0,42 262,1 1,-45 -33,-1 -9,4
g|211,762 12,-24 2,20 -2,3
g|210,688 15,-2 -3,26
g|106,537 5,-3 8,7 20,-1 0,10 24,0 2,18 -7,7 -35,-21 -17,-3
g|-106,589 -1,8 21,11 -4,9 18,17 15,21 -15,11 11,23 7,28 5,-1 0,-9 10,-10 13,0 8,7 -1,-11 -35,-67 -22,-20
g|-104,848 7,11 16,-10 24,-23 21,-30 17,-43 -5,5 -14,0 -8,-11 -2,-13 -6,0 -9,39 -2,18 5,7 -25,34
g|-403,885 -5,-4 -14,8 -5,8 0,60 5,4 19,0
g|-31,741 6,0 -6,7
g|-31,703 0,7 6,0
g|-39,741 4,0 1,6
g|-40,710 6,0 0,-6
g|-411,834 -3,0 -1,-25 5,-7
g|239,286 16,1 -16,28
g|-195,442 0,4 124,0 -1,-5
g|-91,279 0,5 20,0 -5,-5
g|-60,441 0,5 126,0 -1,-5
g|-242,278 0,5 124,1 0,-3 -16,-2
g|-59,279 0,5 83,0 8,-4
g|210,688 -8,0 19,26 -1,-9
g|211,762 -12,-1 10,-9 6,-12 8,-4
g|213,762 4,-9 0,9
g|212,688 5,9 -1,-9
p|280,-602 35,-63 -104,-52 -34,61
g|177,-108 26,14 -13,25 -28,-14
g|241,28 32,-60 -11,-5 6,-13 -14,-8 -39,73
g|363,72 23,-42 -3,-10 -20,-8 -25,47
p|-486,-295 10,5 -11,21 -10,-5
p|-514,-310 10,5 -11,21 -10,-5
p|-500,-303 10,5 -11,21 -10,-5
p|-472,-288 10,5 -11,21 -10,-5
p|-457,-280 9,5 -11,21 -10,-5
p|-444,-273 10,5 -11,21 -10,-5
g|-284,-146 -15,-14 -4,-10 4,-20 15,-14 20,-2 96,50 13,16 1,21 -13,16 -20,5
g|228,1028 0,-50 -4,-16 -4,-289 3,-82 -3,-257 3,-16 0,-32 -649,0 0,106 -129,1 0,662 4,7 363,-22 6,-4
g|195,-188 -18,-10 -9,17 7,41 5,4 20,-37 -9,-5
g|175,-199 -10,-5 3,19
g|-167,-343 -21,-11 -16,36 13,3 6,7
g|202,87 -7,19 -2,-1 -3,5 21,3 6,-11
p|-698,-450 -1,23 19,0 0,-23
p|360,34 4,-7 13,8 -3,6
p|354,46 3,-7 14,7 -4,7
p|347,59 4,-7 13,7 -3,7
g|-121,-502 1,-10 -8,-5 22,-36 43,23 -25,45
p|89,815 70,-1 1,103 -70,1
p|-42,-631 9,-16 50,28 -8,16
g|57,-736 -44,0 -20,9 -9,12 -21,66 54,30 0,-49 43,0
p|745,312 48,26 -43,81 -49,-26
p|-26,-399 17,9 -5,11 -18,-9
p|-33,-386 18,9 -6,11 -17,-9
g|-315,13 30,16 1,8 -10,5 -28,-16
g|1,-240 -8,2 -11,17 0,12 11,9 16,-1 13,-10 -23,-15
g|-458,151 -6,12 14,7 -2,4 54,29 2,-5 -8,-4 14,-27 -12,-7 -7,13 -8,-4 -1,3
g|-63,209 2,29 55,3 -1,-4
w|404,-162 -28,54 31,13 28,-52
p|-521,-375 10,5 -11,21 -10,-5
p|-504,-366 9,5 -11,21 -9,-5
p|-492,-401 10,6 -11,21 -10,-6
p|-508,-409 10,5 -11,21 -10,-5
p|-487,-440 9,5 -11,21 -10,-5
p|-471,-431 10,5 -11,21 -10,-5
g|274,96 -12,6 -21,39 69,32 23,-48
g|-525,707 0,-11 8,-8 41,-3 3,5 -2,10 -14,8 -25,4
##W
-77,374 7,-6 13,3 5,8 -3,12 -13,4 -8,-4 -4,-8
224,-102 29,16 -2,4 -30,-15
176,241 -7,0 2,-7 7,3
82,10 0,-6 -9,0 2,8
124,-125 4,2 -2,4 -4,-2
-19,-181 1,-4 -5,0 0,4
21,-525 -3,6 15,8 3,-5
200,-178 1,-5 -5,-1 -1,5
24,43 -6,-6 -7,6 6,7
40,163 -3,-4 -3,3 2,3
-215,216 -3,6 3,2 3,-7
##N
a|Tommy Trojan|-3,4
a|George Tirebiter|-74,192
a||-243,229
a||-215,219
a||-201,224
a||-151,177
a|Joe Widney|226,130
a|Hecuba, Queen of Troy|62,-496
a|Dueling Dinosaurs|-418,295
t||-48,101
t||-39,81
a|Kobe Mural|627,781
a|Kobe Mural|629,778
m||139,-211
a||198,-181
a||174,474
a||15,782
a||-37,122
a||20,61
t|Oldest Palm Tree in Los Angeles|196,725
t||-59,221
t||-60,236
t||-43,237
t||-31,227
t||-15,237
t||17,238
t||56,238
t||151,226
t||148,232
t||144,238
t||179,205
t||192,180
t||288,174
t||271,173
t||265,169
t||199,141
t||132,106
t||89,116
t||22,135
t||-9,118
t||-15,110
t||-165,144
t||-188,151
t||-163,162
t||-179,155
t||-171,158
t||-252,118
t||-362,61
t||-307,89
t||-289,53
t||-342,18
t||-193,10
t||-147,-74
t||-116,-188
t||-85,-215
t||-359,22
t||-369,37
t||-322,31
t||-308,43
t||-225,240
t||-254,204
t||-158,317
t||-124,313
t||-20,314
t||16,317
t||51,298
t||402,-30
t||392,-35
t||345,-56
t||365,589
##S
Los Angeles Memorial Coliseum|-145,619 29,10 26,22 -7,6 3,3 6,-4 8,11 -15,11 13,29 1,25 -3,21 -9,18 6,6 2,-2 9,6 -5,11 -3,-1 -4,5 -25,22 -28,11 -43,7 -61,2 -37,-3 -29,-4 -26,-10 -27,-21 -20,-31 -6,-31 -9,0 0,-24 9,0 5,-30 18,-31 25,-22 28,-10 32,-6 44,-4 34,1
Galen Center|560,-82 12,7 -3,6 7,4 5,-2 6,7 -8,6 -36,67 0,9 -9,0 -1,-7 -3,6 6,4 -11,24 3,2 -5,2 -2,3 3,4 -5,0 -6,12 -69,-37 3,-8 -3,-17 19,-15 0,-4 3,2 2,-4 7,4 3,-7 -9,-5 -5,3 -5,-7 2,-4 7,-2 3,-7 -5,-3 27,-52 6,3 4,-8 -3,-5 2,-4 9,0 1,5 9,5 3,-5
David X Marks Tennis Stadium|-513,-317 -6,-5 -23,42 96,51 22,-41
|183,953 -100,4 -23,-7 -8,-10 -4,-10 -1,-39 -21,0 -1,-56 20,0 2,-31 8,-15 7,-5 25,-4 75,0 -9,30 -63,0 -12,6 -4,13 -1,74 3,14 6,8 17,6 74,0
BMO Stadium|162,780 -75,0 -25,4 -7,5 -8,15 -2,31 -20,0 1,56 21,0 1,39 12,20 23,7 100,-4 -9,-13 6,-6 -8,-8 16,3 15,9 12,-44 1,-45 -4,-23 -10,-30 -8,5 -17,4 -15,-9 -6,0
##G
Jesse A. Brewer Jr. Park|-538,298 3,-4 88,0 0,91 -3,7 -94,-1 1,-89
W. M. Keck Foundation Amphitheatre|-382,986 47,1 -5,49 -36,2 -2,-19 -5,0
Alumni Park|79,-47 49,26 -38,75 -50,-27 5,-8 -11,-6 29,-54
Hutton Park|-7,-159 37,19 5,7 38,22 -22,44 -7,1 -7,-10 -11,1 -50,-29 -6,-6
McCarthy Quad|211,-84 35,19 1,5 -35,68 -6,1 -9,-5 1,-2 -27,-12 -2,-5 36,-68
Associates Park|-46,-103 12,4 13,9 -34,63 -24,-13
Exposition Park Rose Garden|-197,328 262,1 0,107 -262,0
Exposition Park|228,1028 0,-50 -4,-16 -4,-289 3,-82 -3,-257 3,-16 0,-32 -649,0 0,106 -129,1 0,662 4,7 363,-22 6,-4 408,-5
Great Lawn|57,-736 -44,0 -20,9 -9,12 -11,41 -10,25 54,30 0,-49 43,0
Parkside Field|-458,151 -6,12 14,7 -2,4 54,29 2,-5 -8,-4 14,-27 -12,-7 -7,13 -8,-4 -1,3